<?xml version="1.0"?>
<h:html xmlns="http://www.w3.org/2002/xforms" xmlns:ev="http://www.w3.org/2001/xml-events" xmlns:h="http://www.w3.org/1999/xhtml" xmlns:jr="http://openrosa.org/javarosa" xmlns:orx="http://openrosa.org/xforms/" xmlns:xsd="http://www.w3.org/2001/XMLSchema">
  <h:head>
    <h:title>Tea_houses_editable_form</h:title>
    <model>
      <instance>
        <Tea_houses_editable_form id="Tea_houses_editable_form">
          <start/>
          <end/>
          <today/>
          <deviceid/>
          <simserial/>
          <phonenumber/>
          <House_id/>
          <Name/>
          <State/>
          <Region/>
          <District/>
          <Neighborhood/>
          <Latitude/>
          <Longitude/>
          <Specialty_Type_id/>
          <Iced/>
          <Hot/>
          <WiFi/>
          <Owner/>
          <Phone_Number/>
          <Date_Opened/>
          <Customers/>
          <Visits/>
          <meta>
            <instanceID/>
          </meta>
        </Tea_houses_editable_form>
      </instance>
      <bind jr:preload="timestamp" jr:preloadParams="start" nodeset="/Tea_houses_editable_form/start" type="dateTime"/>
      <bind jr:preload="timestamp" jr:preloadParams="end" nodeset="/Tea_houses_editable_form/end" type="dateTime"/>
      <bind jr:preload="date" jr:preloadParams="today" nodeset="/Tea_houses_editable_form/today" type="date"/>
      <bind jr:preload="property" jr:preloadParams="deviceid" nodeset="/Tea_houses_editable_form/deviceid" type="string"/>
      <bind jr:preload="property" jr:preloadParams="simserial" nodeset="/Tea_houses_editable_form/simserial" type="string"/>
      <bind jr:preload="property" jr:preloadParams="phonenumber" nodeset="/Tea_houses_editable_form/phonenumber" type="string"/>
      <bind nodeset="/Tea_houses_editable_form/House_id" type="string"/>
      <bind nodeset="/Tea_houses_editable_form/Name" type="string"/>
      <bind nodeset="/Tea_houses_editable_form/State" type="string"/>
      <bind nodeset="/Tea_houses_editable_form/Region" type="string"/>
      <bind nodeset="/Tea_houses_editable_form/District" type="string"/>
      <bind nodeset="/Tea_houses_editable_form/Neighborhood" type="string"/>
      <bind nodeset="/Tea_houses_editable_form/Latitude" type="decimal"/>
      <bind nodeset="/Tea_houses_editable_form/Longitude" type="decimal"/>
      <bind nodeset="/Tea_houses_editable_form/Specialty_Type_id" type="string"/>
      <bind nodeset="/Tea_houses_editable_form/Iced" type="select1"/>
      <bind nodeset="/Tea_houses_editable_form/Hot" type="select1"/>
      <bind nodeset="/Tea_houses_editable_form/WiFi" type="select1"/>
      <bind nodeset="/Tea_houses_editable_form/Owner" type="string"/>
      <bind nodeset="/Tea_houses_editable_form/Phone_Number" type="int"/>
      <bind nodeset="/Tea_houses_editable_form/Date_Opened" type="date"/>
      <bind nodeset="/Tea_houses_editable_form/Customers" type="int"/>
      <bind nodeset="/Tea_houses_editable_form/Visits" type="int"/>
      <bind calculate="concat('uuid:', uuid())" nodeset="/Tea_houses_editable_form/meta/instanceID" readonly="true()" type="string"/>
    </model>
  </h:head>
  <h:body>
    <input ref="/Tea_houses_editable_form/House_id">
      <label>Tea House Id</label>
    </input>
    <input ref="/Tea_houses_editable_form/Name">
      <label>Name</label>
    </input>
    <input ref="/Tea_houses_editable_form/State">
      <label>State</label>
    </input>
    <input ref="/Tea_houses_editable_form/Region">
      <label>Region</label>
    </input>
    <input ref="/Tea_houses_editable_form/District">
      <label>District</label>
    </input>
    <input ref="/Tea_houses_editable_form/Neighborhood">
      <label>Neighborhood</label>
    </input>
    <input ref="/Tea_houses_editable_form/Latitude">
      <label>Latitude to edit</label>
    </input>
    <input ref="/Tea_houses_editable_form/Longitude">
      <label>Longitude to edit</label>
    </input>
    <input ref="/Tea_houses_editable_form/Specialty_Type_id">
      <label>Id of Specialty Type of Tea</label>
    </input>
    <select1 ref="/Tea_houses_editable_form/Iced">
      <label>Tea Available Iced</label>
      <item>
        <label>No</label>
        <value>No</value>
      </item>
      <item>
        <label>Yes</label>
        <value>Yes</value>
      </item>
    </select1>
    <select1 ref="/Tea_houses_editable_form/Hot">
      <label>Tea Available Hot</label>
      <item>
        <label>No</label>
        <value>No</value>
      </item>
      <item>
        <label>Yes</label>
        <value>Yes</value>
      </item>
    </select1>
    <select1 ref="/Tea_houses_editable_form/WiFi">
      <label>WiFi Available</label>
      <item>
        <label>No</label>
        <value>No</value>
      </item>
      <item>
        <label>Yes</label>
        <value>Yes</value>
      </item>
    </select1>
    <input ref="/Tea_houses_editable_form/Owner">
      <label>Owner</label>
    </input>
    <input ref="/Tea_houses_editable_form/Phone_Number">
      <label>Phone Number</label>
    </input>
    <input ref="/Tea_houses_editable_form/Date_Opened">
      <label>Date Opened</label>
    </input>
    <input ref="/Tea_houses_editable_form/Customers">
      <label>Number of Customers</label>
    </input>
    <input ref="/Tea_houses_editable_form/Visits">
      <label>Number of Visits Per Year</label>
    </input>
  </h:body>
</h:html>
