_partition,_aspect,_key,_type,_value
Column,income_contribution,displayChoicesList,object,"[{""choice_list_name"":""yesno"",""data_value"":""yes"",""display"":{""title"":{""text"":""yes""}},""_row_num"":2},{""choice_list_name"":""yesno"",""data_value"":""no"",""display"":{""title"":{""text"":""no""}},""_row_num"":3}]"
Column,sex,displayChoicesList,object,"[{""choice_list_name"":""sexes"",""data_value"":""male"",""display"":{""title"":{""text"":""male""}},""_row_num"":5},{""choice_list_name"":""sexes"",""data_value"":""female"",""display"":{""title"":{""text"":""female""}},""_row_num"":6}]"
FormType,default,FormType.formType,string,SURVEY
SurveyUtil,default,SurveyUtil.formId,string,household_member
Table,default,defaultViewType,string,SPREADSHEET
Table,default,displayName,object,"{""text"":""Household Members""}"
