_partition,_aspect,_key,_type,_value
Column,asset_wealth,displayChoicesList,array,"[{""choice_list_name"":""asset_inventory"",""data_value"":""thing1"",""display"":{""title"":{""text"":""Thing 1""}},""_row_num"":10},{""choice_list_name"":""asset_inventory"",""data_value"":""thing2"",""display"":{""title"":{""text"":""Thing 2""}},""_row_num"":11},{""choice_list_name"":""asset_inventory"",""data_value"":""thing3"",""display"":{""title"":{""text"":""Thing 3""}},""_row_num"":12},{""choice_list_name"":""asset_inventory"",""data_value"":""thing4"",""display"":{""title"":{""text"":""Thing 4""}},""_row_num"":13},{""choice_list_name"":""asset_inventory"",""data_value"":""thing5"",""display"":{""title"":{""text"":""Thing 5""}},""_row_num"":14},{""choice_list_name"":""asset_inventory"",""data_value"":""thing6"",""display"":{""title"":{""text"":""Thing 6""}},""_row_num"":15},{""choice_list_name"":""asset_inventory"",""data_value"":""thing7"",""display"":{""title"":{""text"":""Thing 7""}},""_row_num"":16},{""choice_list_name"":""asset_inventory"",""data_value"":""thing8"",""display"":{""title"":{""text"":""Thing 8""}},""_row_num"":17},{""choice_list_name"":""asset_inventory"",""data_value"":""thing9"",""display"":{""title"":{""text"":""Thing 9""}},""_row_num"":18},{""choice_list_name"":""asset_inventory"",""data_value"":""thing10"",""display"":{""title"":{""text"":""Thing 10""}},""_row_num"":19}]"
Column,food_security,displayChoicesList,array,"[{""choice_list_name"":""food_security_list"",""data_value"":1,""display"":{""title"":{""text"":""Always had enough""}},""_row_num"":21},{""choice_list_name"":""food_security_list"",""data_value"":2,""display"":{""title"":{""text"":""Always had enough, but sometimes food was of low quality""}},""_row_num"":22},{""choice_list_name"":""food_security_list"",""data_value"":3,""display"":{""title"":{""text"":""Didn't have enough a few times a year""}},""_row_num"":23},{""choice_list_name"":""food_security_list"",""data_value"":4,""display"":{""title"":{""text"":""Didn't have enough a few times a month""}},""_row_num"":24},{""choice_list_name"":""food_security_list"",""data_value"":5,""display"":{""title"":{""text"":""Didn't have enough a few times a week""}},""_row_num"":25},{""choice_list_name"":""food_security_list"",""data_value"":6,""display"":{""title"":{""text"":""Never or almost never had enough""}},""_row_num"":26}]"
Column,household_village,displayChoicesList,array,"[{""choice_list_name"":""village_name"",""data_value"":""levuka"",""display"":{""title"":{""text"":""Levuka Vakavita""}},""_row_num"":5},{""choice_list_name"":""village_name"",""data_value"":""baba"",""display"":{""title"":{""text"":""Baba""}},""_row_num"":6},{""choice_list_name"":""village_name"",""data_value"":""wailailai"",""display"":{""title"":{""text"":""Wailailai""}},""_row_num"":7},{""choice_list_name"":""village_name"",""data_value"":""vagadaci"",""display"":{""title"":{""text"":""Vagadaci""}},""_row_num"":8}]"
FormType,default,FormType.formType,string,SURVEY
SurveyUtil,default,SurveyUtil.formId,string,household_census
Table,default,defaultViewType,string,SPREADSHEET
Table,default,displayName,object,"{""text"":""Household Survey""}"
