_partition,_aspect,_key,_type,_value
Column,bird,displayChoicesList,object,"[{""choice_list_name"":""birds"",""data_value"":""blackbird"",""display"":{""title"":{""image"":""media/blackbird.png""}},""_row_num"":2},{""choice_list_name"":""birds"",""data_value"":""bluethroat"",""display"":{""title"":{""image"":""media/bluethroat.png""}},""_row_num"":3},{""choice_list_name"":""birds"",""data_value"":""crow"",""display"":{""title"":{""image"":""media/crow.png""}},""_row_num"":4},{""choice_list_name"":""birds"",""data_value"":""eagle"",""display"":{""title"":{""image"":""media/eagle.png""}},""_row_num"":5},{""choice_list_name"":""birds"",""data_value"":""egret"",""display"":{""title"":{""image"":""media/egret.png""}},""_row_num"":6},{""choice_list_name"":""birds"",""data_value"":""kingfisher"",""display"":{""title"":{""image"":""media/kingfisher.png""}},""_row_num"":7},{""choice_list_name"":""birds"",""data_value"":""gull"",""display"":{""title"":{""image"":""media/gull.png""}},""_row_num"":8},{""choice_list_name"":""birds"",""data_value"":""hawfinch"",""display"":{""title"":{""image"":""media/hawfinch.png""}},""_row_num"":9},{""choice_list_name"":""birds"",""data_value"":""robin"",""display"":{""title"":{""image"":""media/robin.png""}},""_row_num"":10}]"
Column,color,displayChoicesList,object,"[{""choice_list_name"":""colors"",""data_value"":""red"",""display"":{""title"":{""text"":""Red""}},""_row_num"":15},{""choice_list_name"":""colors"",""data_value"":""green"",""display"":{""title"":{""text"":""Green""}},""_row_num"":16},{""choice_list_name"":""colors"",""data_value"":""blue"",""display"":{""title"":{""text"":""Blue""}},""_row_num"":17},{""choice_list_name"":""colors"",""data_value"":""grey"",""display"":{""title"":{""text"":""Grey""}},""_row_num"":18},{""choice_list_name"":""colors"",""data_value"":""brown"",""display"":{""title"":{""text"":""White""}},""_row_num"":19}]"
Column,secondaryColor,displayChoicesList,object,"[{""choice_list_name"":""colors"",""data_value"":""red"",""display"":{""title"":{""text"":""Red""}},""_row_num"":15},{""choice_list_name"":""colors"",""data_value"":""green"",""display"":{""title"":{""text"":""Green""}},""_row_num"":16},{""choice_list_name"":""colors"",""data_value"":""blue"",""display"":{""title"":{""text"":""Blue""}},""_row_num"":17},{""choice_list_name"":""colors"",""data_value"":""grey"",""display"":{""title"":{""text"":""Grey""}},""_row_num"":18},{""choice_list_name"":""colors"",""data_value"":""brown"",""display"":{""title"":{""text"":""White""}},""_row_num"":19}]"
Column,sex,displayChoicesList,object,"[{""choice_list_name"":""sexes"",""data_value"":""male"",""display"":{""title"":{""text"":""male""}},""_row_num"":32},{""choice_list_name"":""sexes"",""data_value"":""female"",""display"":{""title"":{""text"":""female""}},""_row_num"":33}]"
FormType,default,FormType.formType,string,SURVEY
SurveyUtil,default,SurveyUtil.formId,string,selects
Table,default,defaultViewType,string,SPREADSHEET
Table,default,displayName,object,"{""text"":""Select Examples""}"
