_element_key,_element_name,_element_type,_list_child_element_keys
electricity,electricity,string,[]
household_id,household_id,string,[]
household_owner,household_owner,string,[]
location,location,geopoint,"[""location_accuracy"",""location_altitude"",""location_latitude"",""location_longitude""]"
location_accuracy,accuracy,number,[]
location_altitude,altitude,number,[]
location_latitude,latitude,number,[]
location_longitude,longitude,number,[]
num_rooms,num_rooms,integer,[]
water,water,string,[]
youngest,youngest,array,"[""youngest_items""]"
youngest_items,items,string,[]
