_element_key,_element_name,_element_type,_list_child_element_keys
BCG_0_11_HealthCenter,BCG_0_11_HealthCenter,integer,[]
BCG_0_11_Outreach,BCG_0_11_Outreach,integer,[]
BCG_12_23_HealthCenter,BCG_12_23_HealthCenter,integer,[]
BCG_12_23_Outreach,BCG_12_23_Outreach,integer,[]
BCG_HC_NR_checkbox1,BCG_HC_NR_checkbox1,array,"[""BCG_HC_NR_checkbox1_items""]"
BCG_HC_NR_checkbox1_items,items,string,[]
BCG_HC_NR_checkbox2,BCG_HC_NR_checkbox2,array,"[""BCG_HC_NR_checkbox2_items""]"
BCG_HC_NR_checkbox2_items,items,string,[]
BCG_OV_NR_checkbox,BCG_OV_NR_checkbox,array,"[""BCG_OV_NR_checkbox_items""]"
BCG_OV_NR_checkbox_items,items,string,[]
BCG_O_NR_checkbox1,BCG_O_NR_checkbox1,array,"[""BCG_O_NR_checkbox1_items""]"
BCG_O_NR_checkbox1_items,items,string,[]
BCG_O_NR_checkbox2,BCG_O_NR_checkbox2,array,"[""BCG_O_NR_checkbox2_items""]"
BCG_O_NR_checkbox2_items,items,string,[]
BCG_OpenedVials,BCG_OpenedVials,integer,[]
Measles_0_11_HealthCenter,Measles_0_11_HealthCenter,integer,[]
Measles_0_11_Outreach,Measles_0_11_Outreach,integer,[]
Measles_12_23_HealthCenter,Measles_12_23_HealthCenter,integer,[]
Measles_12_23_Outreach,Measles_12_23_Outreach,integer,[]
Measles_HC_NR_checkbox1,Measles_HC_NR_checkbox1,array,"[""Measles_HC_NR_checkbox1_items""]"
Measles_HC_NR_checkbox1_items,items,string,[]
Measles_HC_NR_checkbox2,Measles_HC_NR_checkbox2,array,"[""Measles_HC_NR_checkbox2_items""]"
Measles_HC_NR_checkbox2_items,items,string,[]
Measles_OV_NR_checkbox,Measles_OV_NR_checkbox,array,"[""Measles_OV_NR_checkbox_items""]"
Measles_OV_NR_checkbox_items,items,string,[]
Measles_O_NR_checkbox1,Measles_O_NR_checkbox1,array,"[""Measles_O_NR_checkbox1_items""]"
Measles_O_NR_checkbox1_items,items,string,[]
Measles_O_NR_checkbox2,Measles_O_NR_checkbox2,array,"[""Measles_O_NR_checkbox2_items""]"
Measles_O_NR_checkbox2_items,items,string,[]
Measles_OpenedVials,Measles_OpenedVials,integer,[]
P1_HC_NR_checkbox1,P1_HC_NR_checkbox1,array,"[""P1_HC_NR_checkbox1_items""]"
P1_HC_NR_checkbox1_items,items,string,[]
P1_HC_NR_checkbox2,P1_HC_NR_checkbox2,array,"[""P1_HC_NR_checkbox2_items""]"
P1_HC_NR_checkbox2_items,items,string,[]
P1_O_NR_checkbox1,P1_O_NR_checkbox1,array,"[""P1_O_NR_checkbox1_items""]"
P1_O_NR_checkbox1_items,items,string,[]
P1_O_NR_checkbox2,P1_O_NR_checkbox2,array,"[""P1_O_NR_checkbox2_items""]"
P1_O_NR_checkbox2_items,items,string,[]
P20_OV_NR_checkbox,P20_OV_NR_checkbox,array,"[""P20_OV_NR_checkbox_items""]"
P20_OV_NR_checkbox_items,items,string,[]
P2_HC_NR_checkbox1,P2_HC_NR_checkbox1,array,"[""P2_HC_NR_checkbox1_items""]"
P2_HC_NR_checkbox1_items,items,string,[]
P2_HC_NR_checkbox2,P2_HC_NR_checkbox2,array,"[""P2_HC_NR_checkbox2_items""]"
P2_HC_NR_checkbox2_items,items,string,[]
P2_O_NR_checkbox1,P2_O_NR_checkbox1,array,"[""P2_O_NR_checkbox1_items""]"
P2_O_NR_checkbox1_items,items,string,[]
P2_O_NR_checkbox2,P2_O_NR_checkbox2,array,"[""P2_O_NR_checkbox2_items""]"
P2_O_NR_checkbox2_items,items,string,[]
P3_HC_NR_checkbox1,P3_HC_NR_checkbox1,array,"[""P3_HC_NR_checkbox1_items""]"
P3_HC_NR_checkbox1_items,items,string,[]
P3_HC_NR_checkbox2,P3_HC_NR_checkbox2,array,"[""P3_HC_NR_checkbox2_items""]"
P3_HC_NR_checkbox2_items,items,string,[]
P3_O_NR_checkbox1,P3_O_NR_checkbox1,array,"[""P3_O_NR_checkbox1_items""]"
P3_O_NR_checkbox1_items,items,string,[]
P3_O_NR_checkbox2,P3_O_NR_checkbox2,array,"[""P3_O_NR_checkbox2_items""]"
P3_O_NR_checkbox2_items,items,string,[]
PCV10_Dose1_0_11_HealthCenter,PCV10_Dose1_0_11_HealthCenter,integer,[]
PCV10_Dose1_0_11_Outreach,PCV10_Dose1_0_11_Outreach,integer,[]
PCV10_Dose1_12_23_HealthCenter,PCV10_Dose1_12_23_HealthCenter,integer,[]
PCV10_Dose1_12_23_Outreach,PCV10_Dose1_12_23_Outreach,integer,[]
PCV10_Dose2_0_11_HealthCenter,PCV10_Dose2_0_11_HealthCenter,integer,[]
PCV10_Dose2_0_11_Outreach,PCV10_Dose2_0_11_Outreach,integer,[]
PCV10_Dose2_12_23_HealthCenter,PCV10_Dose2_12_23_HealthCenter,integer,[]
PCV10_Dose2_12_23_Outreach,PCV10_Dose2_12_23_Outreach,integer,[]
PCV10_Dose3_0_11_HealthCenter,PCV10_Dose3_0_11_HealthCenter,integer,[]
PCV10_Dose3_0_11_Outreach,PCV10_Dose3_0_11_Outreach,integer,[]
PCV10_Dose3_12_23_HealthCenter,PCV10_Dose3_12_23_HealthCenter,integer,[]
PCV10_Dose3_12_23_Outreach,PCV10_Dose3_12_23_Outreach,integer,[]
PCV_OV_NR_checkbox,PCV_OV_NR_checkbox,array,"[""PCV_OV_NR_checkbox_items""]"
PCV_OV_NR_checkbox_items,items,string,[]
PCV_OpenedVials,PCV_OpenedVials,integer,[]
PN_HC_NR_checkbox1,PN_HC_NR_checkbox1,array,"[""PN_HC_NR_checkbox1_items""]"
PN_HC_NR_checkbox1_items,items,string,[]
PN_O_NR_checkbox1,PN_O_NR_checkbox1,array,"[""PN_O_NR_checkbox1_items""]"
PN_O_NR_checkbox1_items,items,string,[]
Pc1_HC_NR_checkbox1,Pc1_HC_NR_checkbox1,array,"[""Pc1_HC_NR_checkbox1_items""]"
Pc1_HC_NR_checkbox1_items,items,string,[]
Pc1_HC_NR_checkbox2,Pc1_HC_NR_checkbox2,array,"[""Pc1_HC_NR_checkbox2_items""]"
Pc1_HC_NR_checkbox2_items,items,string,[]
Pc1_O_NR_checkbox1,Pc1_O_NR_checkbox1,array,"[""Pc1_O_NR_checkbox1_items""]"
Pc1_O_NR_checkbox1_items,items,string,[]
Pc1_O_NR_checkbox2,Pc1_O_NR_checkbox2,array,"[""Pc1_O_NR_checkbox2_items""]"
Pc1_O_NR_checkbox2_items,items,string,[]
Pc2_HC_NR_checkbox1,Pc2_HC_NR_checkbox1,array,"[""Pc2_HC_NR_checkbox1_items""]"
Pc2_HC_NR_checkbox1_items,items,string,[]
Pc2_HC_NR_checkbox2,Pc2_HC_NR_checkbox2,array,"[""Pc2_HC_NR_checkbox2_items""]"
Pc2_HC_NR_checkbox2_items,items,string,[]
Pc2_O_NR_checkbox1,Pc2_O_NR_checkbox1,array,"[""Pc2_O_NR_checkbox1_items""]"
Pc2_O_NR_checkbox1_items,items,string,[]
Pc2_O_NR_checkbox2,Pc2_O_NR_checkbox2,array,"[""Pc2_O_NR_checkbox2_items""]"
Pc2_O_NR_checkbox2_items,items,string,[]
Pc3_HC_NR_checkbox1,Pc3_HC_NR_checkbox1,array,"[""Pc3_HC_NR_checkbox1_items""]"
Pc3_HC_NR_checkbox1_items,items,string,[]
Pc3_HC_NR_checkbox2,Pc3_HC_NR_checkbox2,array,"[""Pc3_HC_NR_checkbox2_items""]"
Pc3_HC_NR_checkbox2_items,items,string,[]
Pc3_O_NR_checkbox1,Pc3_O_NR_checkbox1,array,"[""Pc3_O_NR_checkbox1_items""]"
Pc3_O_NR_checkbox1_items,items,string,[]
Pc3_O_NR_checkbox2,Pc3_O_NR_checkbox2,array,"[""Pc3_O_NR_checkbox2_items""]"
Pc3_O_NR_checkbox2_items,items,string,[]
Pe1_HC_NR_checkbox1,Pe1_HC_NR_checkbox1,array,"[""Pe1_HC_NR_checkbox1_items""]"
Pe1_HC_NR_checkbox1_items,items,string,[]
Pe1_HC_NR_checkbox2,Pe1_HC_NR_checkbox2,array,"[""Pe1_HC_NR_checkbox2_items""]"
Pe1_HC_NR_checkbox2_items,items,string,[]
Pe1_O_NR_checkbox1,Pe1_O_NR_checkbox1,array,"[""Pe1_O_NR_checkbox1_items""]"
Pe1_O_NR_checkbox1_items,items,string,[]
Pe1_O_NR_checkbox2,Pe1_O_NR_checkbox2,array,"[""Pe1_O_NR_checkbox2_items""]"
Pe1_O_NR_checkbox2_items,items,string,[]
Pe2_HC_NR_checkbox1,Pe2_HC_NR_checkbox1,array,"[""Pe2_HC_NR_checkbox1_items""]"
Pe2_HC_NR_checkbox1_items,items,string,[]
Pe2_HC_NR_checkbox2,Pe2_HC_NR_checkbox2,array,"[""Pe2_HC_NR_checkbox2_items""]"
Pe2_HC_NR_checkbox2_items,items,string,[]
Pe2_O_NR_checkbox1,Pe2_O_NR_checkbox1,array,"[""Pe2_O_NR_checkbox1_items""]"
Pe2_O_NR_checkbox1_items,items,string,[]
Pe2_O_NR_checkbox2,Pe2_O_NR_checkbox2,array,"[""Pe2_O_NR_checkbox2_items""]"
Pe2_O_NR_checkbox2_items,items,string,[]
Pe3_HC_NR_checkbox1,Pe3_HC_NR_checkbox1,array,"[""Pe3_HC_NR_checkbox1_items""]"
Pe3_HC_NR_checkbox1_items,items,string,[]
Pe3_HC_NR_checkbox2,Pe3_HC_NR_checkbox2,array,"[""Pe3_HC_NR_checkbox2_items""]"
Pe3_HC_NR_checkbox2_items,items,string,[]
Pe3_O_NR_checkbox1,Pe3_O_NR_checkbox1,array,"[""Pe3_O_NR_checkbox1_items""]"
Pe3_O_NR_checkbox1_items,items,string,[]
Pe3_O_NR_checkbox2,Pe3_O_NR_checkbox2,array,"[""Pe3_O_NR_checkbox2_items""]"
Pe3_O_NR_checkbox2_items,items,string,[]
Penta10_OV_NR_checkbox,Penta10_OV_NR_checkbox,array,"[""Penta10_OV_NR_checkbox_items""]"
Penta10_OV_NR_checkbox_items,items,string,[]
Penta10_OpenedVials,Penta10_OpenedVials,integer,[]
Penta1_OpenedVials,Penta1_OpenedVials,integer,[]
Penta_Dose1_0_11_HealthCenter,Penta_Dose1_0_11_HealthCenter,integer,[]
Penta_Dose1_0_11_Outreach,Penta_Dose1_0_11_Outreach,integer,[]
Penta_Dose1_12_23_HealthCenter,Penta_Dose1_12_23_HealthCenter,integer,[]
Penta_Dose1_12_23_Outreach,Penta_Dose1_12_23_Outreach,integer,[]
Penta_Dose2_0_11_HealthCenter,Penta_Dose2_0_11_HealthCenter,integer,[]
Penta_Dose2_0_11_Outreach,Penta_Dose2_0_11_Outreach,integer,[]
Penta_Dose2_12_23_HealthCenter,Penta_Dose2_12_23_HealthCenter,integer,[]
Penta_Dose2_12_23_Outreach,Penta_Dose2_12_23_Outreach,integer,[]
Penta_Dose3_0_11_HealthCenter,Penta_Dose3_0_11_HealthCenter,integer,[]
Penta_Dose3_0_11_Outreach,Penta_Dose3_0_11_Outreach,integer,[]
Penta_Dose3_12_23_HealthCenter,Penta_Dose3_12_23_HealthCenter,integer,[]
Penta_Dose3_12_23_Outreach,Penta_Dose3_12_23_Outreach,integer,[]
Polio10_OpenedVials,Polio10_OpenedVials,integer,[]
Polio20_OpenedVials,Polio20_OpenedVials,integer,[]
Polio_Dose1_0_11_HealthCenter,Polio_Dose1_0_11_HealthCenter,integer,[]
Polio_Dose1_0_11_Outreach,Polio_Dose1_0_11_Outreach,integer,[]
Polio_Dose1_12_23_HealthCenter,Polio_Dose1_12_23_HealthCenter,integer,[]
Polio_Dose1_12_23_Outreach,Polio_Dose1_12_23_Outreach,integer,[]
Polio_Dose2_0_11_HealthCenter,Polio_Dose2_0_11_HealthCenter,integer,[]
Polio_Dose2_0_11_Outreach,Polio_Dose2_0_11_Outreach,integer,[]
Polio_Dose2_12_23_HealthCenter,Polio_Dose2_12_23_HealthCenter,integer,[]
Polio_Dose2_12_23_Outreach,Polio_Dose2_12_23_Outreach,integer,[]
Polio_Dose3_0_11_HealthCenter,Polio_Dose3_0_11_HealthCenter,integer,[]
Polio_Dose3_0_11_Outreach,Polio_Dose3_0_11_Outreach,integer,[]
Polio_Dose3_12_23_HealthCenter,Polio_Dose3_12_23_HealthCenter,integer,[]
Polio_Dose3_12_23_Outreach,Polio_Dose3_12_23_Outreach,integer,[]
Polio_Newborn_0_11_HealthCenter,Polio_Newborn_0_11_HealthCenter,integer,[]
Polio_Newborn_0_11_Outreach,Polio_Newborn_0_11_Outreach,integer,[]
