_partition,_aspect,_key,_type,_value
Column,ArtAmod_dosing,displayChoicesList,object,"[{""comments"":""ArtAmod_dosing"",""choice_list_name"":""ArtAmod_dosing"",""data_value"":""FixedDose"",""display"":{""title"":{""text"":""Fixed Dose Combination Artesunate (AS) + Amodiaquine (AQ)  (Standard Regimen)""}},""_row_num"":127},{""choice_list_name"":""ArtAmod_dosing"",""data_value"":""CoBlistered"",""display"":{""title"":{""text"":""Co-Blistered Tablets (50 mg Artesunate, 150 mg Amodiaquine) for ONCE or TWICE daily dosing regimen""}},""_row_num"":128}]"
Column,Dehyd_IV,displayChoicesList,object,"[{""choice_list_name"":""yes_no"",""data_value"":""no"",""display"":{""title"":{""text"":""No""}},""_row_num"":33},{""choice_list_name"":""yes_no"",""data_value"":""yes"",""display"":{""title"":{""text"":""Yes""}},""_row_num"":34}]"
Column,able_to_drink,displayChoicesList,object,"[{""choice_list_name"":""yes_no"",""data_value"":""no"",""display"":{""title"":{""text"":""No""}},""_row_num"":33},{""choice_list_name"":""yes_no"",""data_value"":""yes"",""display"":{""title"":{""text"":""Yes""}},""_row_num"":34}]"
Column,altern_abx,displayChoicesList,object,"[{""comments"":""amoxicillin alternatives"",""choice_list_name"":""altern_abx"",""data_value"":""eryth"",""display"":{""title"":{""text"":""Erythromycin, oral""}},""_row_num"":22},{""choice_list_name"":""altern_abx"",""data_value"":""azith"",""display"":{""title"":{""text"":""Azithromycin, oral""}},""_row_num"":23}]"
Column,amox_allergy,displayChoicesList,object,"[{""choice_list_name"":""yes_no"",""data_value"":""no"",""display"":{""title"":{""text"":""No""}},""_row_num"":33},{""choice_list_name"":""yes_no"",""data_value"":""yes"",""display"":{""title"":{""text"":""Yes""}},""_row_num"":34}]"
Column,amox_tx,displayChoicesList,object,"[{""comments"":""amox_tx"",""choice_list_name"":""amox_tx"",""data_value"":""amox"",""display"":{""title"":{""text"":""Amoxicillin, oral (125 mg/5 ml)""}},""_row_num"":132},{""choice_list_name"":""amox_tx"",""data_value"":""amoxiclav"",""display"":{""title"":{""text"":""Co-amoxiclav, oral""}},""_row_num"":133}]"
Column,anaemia_check,displayChoicesList,object,"[{""choice_list_name"":""no_some_severe"",""data_value"":""none"",""display"":{""title"":{""text"":""None""}},""_row_num"":98},{""choice_list_name"":""no_some_severe"",""data_value"":""some"",""display"":{""title"":{""text"":""Some <i>(skin of the child's palm is pale)</i>""}},""_row_num"":99},{""choice_list_name"":""no_some_severe"",""data_value"":""severe"",""display"":{""title"":{""text"":""Severe <i>(skin of the palm is so pale that it looks white)</i>""}},""_row_num"":100}]"
Column,antimalarial,displayChoicesList,object,"[{""comments"":""antimalarial"",""choice_list_name"":""antimalarial"",""data_value"":""ArtAmod"",""display"":{""title"":{""text"":""Artesunate-Amodiaquine, oral""}},""_row_num"":124},{""choice_list_name"":""antimalarial"",""data_value"":""ArtLum"",""display"":{""title"":{""text"":""Artemether-Lumefantrine, oral  (Reserved for patients not tolerating Artesunate-Amodiaquine)""}},""_row_num"":125},{""choice_list_name"":""antimalarial"",""data_value"":""DihydPip"",""display"":{""title"":{""text"":""Dihydroartemisinin-Piperaquine, oral""}},""_row_num"":126}]"
Column,axillary_temperature_possible,displayChoicesList,object,"[{""choice_list_name"":""yes_no"",""data_value"":""no"",""display"":{""title"":{""text"":""No""}},""_row_num"":33},{""choice_list_name"":""yes_no"",""data_value"":""yes"",""display"":{""title"":{""text"":""Yes""}},""_row_num"":34}]"
Column,basic_q,displayChoicesList,object,"[{""choice_list_name"":""basic_four_questions"",""data_value"":""difficulty_breathing"",""display"":{""title"":{""text"":""Cough or difficulty breathing""}},""_row_num"":119},{""choice_list_name"":""basic_four_questions"",""data_value"":""diarrhoea"",""display"":{""title"":{""text"":""Diarrhoea""}},""_row_num"":120},{""choice_list_name"":""basic_four_questions"",""data_value"":""fever_reported"",""display"":{""title"":{""text"":""Fever""}},""_row_num"":121},{""choice_list_name"":""basic_four_questions"",""data_value"":""ear_problem"",""display"":{""title"":{""text"":""Ear problem""}},""_row_num"":122}]"
Column,birthdayKnown,displayChoicesList,object,"[{""choice_list_name"":""yes_no"",""data_value"":""no"",""display"":{""title"":{""text"":""No""}},""_row_num"":33},{""choice_list_name"":""yes_no"",""data_value"":""yes"",""display"":{""title"":{""text"":""Yes""}},""_row_num"":34}]"
Column,blood_in_stool,displayChoicesList,object,"[{""choice_list_name"":""yes_no"",""data_value"":""no"",""display"":{""title"":{""text"":""No""}},""_row_num"":33},{""choice_list_name"":""yes_no"",""data_value"":""yes"",""display"":{""title"":{""text"":""Yes""}},""_row_num"":34}]"
Column,breastfed,displayChoicesList,object,"[{""choice_list_name"":""yes_no"",""data_value"":""no"",""display"":{""title"":{""text"":""No""}},""_row_num"":33},{""choice_list_name"":""yes_no"",""data_value"":""yes"",""display"":{""title"":{""text"":""Yes""}},""_row_num"":34}]"
Column,breastfed_at_night,displayChoicesList,object,"[{""choice_list_name"":""yes_no"",""data_value"":""no"",""display"":{""title"":{""text"":""No""}},""_row_num"":33},{""choice_list_name"":""yes_no"",""data_value"":""yes"",""display"":{""title"":{""text"":""Yes""}},""_row_num"":34}]"
Column,bulging_fontanelle,displayChoicesList,object,"[{""choice_list_name"":""present"",""data_value"":""not_present"",""display"":{""title"":{""text"":""Not Present""}},""_row_num"":36},{""choice_list_name"":""present"",""data_value"":""present"",""display"":{""title"":{""text"":""Present""}},""_row_num"":37}]"
Column,change_in_feeding,displayChoicesList,object,"[{""choice_list_name"":""yes_no"",""data_value"":""no"",""display"":{""title"":{""text"":""No""}},""_row_num"":33},{""choice_list_name"":""yes_no"",""data_value"":""yes"",""display"":{""title"":{""text"":""Yes""}},""_row_num"":34}]"
Column,chest_indrawing,displayChoicesList,object,"[{""choice_list_name"":""present"",""data_value"":""not_present"",""display"":{""title"":{""text"":""Not Present""}},""_row_num"":36},{""choice_list_name"":""present"",""data_value"":""present"",""display"":{""title"":{""text"":""Present""}},""_row_num"":37}]"
Column,cholera,displayChoicesList,object,"[{""choice_list_name"":""yes_no"",""data_value"":""no"",""display"":{""title"":{""text"":""No""}},""_row_num"":33},{""choice_list_name"":""yes_no"",""data_value"":""yes"",""display"":{""title"":{""text"":""Yes""}},""_row_num"":34}]"
Column,cipro,displayChoicesList,object,"[{""comments"":""Cipro"",""choice_list_name"":""cipro"",""data_value"":""250mg"",""display"":{""title"":{""text"":""250 mg TABLET""}},""_row_num"":8},{""choice_list_name"":""cipro"",""data_value"":""500mg"",""display"":{""title"":{""text"":""500 mg TABLET""}},""_row_num"":9}]"
Column,coblister_dosing,displayChoicesList,object,"[{""comments"":""coblister_dosing"",""choice_list_name"":""coblister_dosing"",""data_value"":""once"",""display"":{""title"":{""text"":""ONCE Daily""}},""_row_num"":135},{""choice_list_name"":""coblister_dosing"",""data_value"":""twice"",""display"":{""title"":{""text"":""TWICE Daily""}},""_row_num"":136}]"
Column,convulsions,displayChoicesList,object,"[{""choice_list_name"":""yes_no"",""data_value"":""no"",""display"":{""title"":{""text"":""No""}},""_row_num"":33},{""choice_list_name"":""yes_no"",""data_value"":""yes"",""display"":{""title"":{""text"":""Yes""}},""_row_num"":34}]"
Column,convulsions_now,displayChoicesList,object,"[{""choice_list_name"":""yes_no"",""data_value"":""no"",""display"":{""title"":{""text"":""No""}},""_row_num"":33},{""choice_list_name"":""yes_no"",""data_value"":""yes"",""display"":{""title"":{""text"":""Yes""}},""_row_num"":34}]"
Column,cornea_clouding,displayChoicesList,object,"[{""choice_list_name"":""present"",""data_value"":""not_present"",""display"":{""title"":{""text"":""Not Present""}},""_row_num"":36},{""choice_list_name"":""present"",""data_value"":""present"",""display"":{""title"":{""text"":""Present""}},""_row_num"":37}]"
Column,cornea_clouding_tx,displayChoicesList,object,"[{""choice_list_name"":""yes_no"",""data_value"":""no"",""display"":{""title"":{""text"":""No""}},""_row_num"":33},{""choice_list_name"":""yes_no"",""data_value"":""yes"",""display"":{""title"":{""text"":""Yes""}},""_row_num"":34}]"
Column,deworm,displayChoicesList,object,"[{""choice_list_name"":""yes_no"",""data_value"":""no"",""display"":{""title"":{""text"":""No""}},""_row_num"":33},{""choice_list_name"":""yes_no"",""data_value"":""yes"",""display"":{""title"":{""text"":""Yes""}},""_row_num"":34}]"
Column,drinking_eagerly,displayChoicesList,object,"[{""choice_list_name"":""yes_no"",""data_value"":""no"",""display"":{""title"":{""text"":""No""}},""_row_num"":33},{""choice_list_name"":""yes_no"",""data_value"":""yes"",""display"":{""title"":{""text"":""Yes""}},""_row_num"":34}]"
Column,drinking_poorly,displayChoicesList,object,"[{""choice_list_name"":""yes_no"",""data_value"":""no"",""display"":{""title"":{""text"":""No""}},""_row_num"":33},{""choice_list_name"":""yes_no"",""data_value"":""yes"",""display"":{""title"":{""text"":""Yes""}},""_row_num"":34}]"
Column,dry_mouth,displayChoicesList,object,"[{""comments"":""inserted dry_mouth"",""choice_list_name"":""dry_mouth"",""data_value"":""moist"",""display"":{""title"":{""text"":""Moist""}},""_row_num"":29},{""choice_list_name"":""dry_mouth"",""data_value"":""dry"",""display"":{""title"":{""text"":""Dry""}},""_row_num"":30},{""choice_list_name"":""dry_mouth"",""data_value"":""very_dry"",""display"":{""title"":{""text"":""Very dry""}},""_row_num"":31}]"
Column,ear_discharge_observed,displayChoicesList,object,"[{""choice_list_name"":""present"",""data_value"":""not_present"",""display"":{""title"":{""text"":""Not Present""}},""_row_num"":36},{""choice_list_name"":""present"",""data_value"":""present"",""display"":{""title"":{""text"":""Present""}},""_row_num"":37}]"
Column,ear_discharge_reported,displayChoicesList,object,"[{""choice_list_name"":""yes_no"",""data_value"":""no"",""display"":{""title"":{""text"":""No""}},""_row_num"":33},{""choice_list_name"":""yes_no"",""data_value"":""yes"",""display"":{""title"":{""text"":""Yes""}},""_row_num"":34}]"
Column,ear_pain,displayChoicesList,object,"[{""choice_list_name"":""yes_no"",""data_value"":""no"",""display"":{""title"":{""text"":""No""}},""_row_num"":33},{""choice_list_name"":""yes_no"",""data_value"":""yes"",""display"":{""title"":{""text"":""Yes""}},""_row_num"":34}]"
Column,ear_swelling,displayChoicesList,object,"[{""choice_list_name"":""present"",""data_value"":""not_present"",""display"":{""title"":{""text"":""Not Present""}},""_row_num"":36},{""choice_list_name"":""present"",""data_value"":""present"",""display"":{""title"":{""text"":""Present""}},""_row_num"":37}]"
Column,eye_pus,displayChoicesList,object,"[{""choice_list_name"":""present"",""data_value"":""not_present"",""display"":{""title"":{""text"":""Not Present""}},""_row_num"":36},{""choice_list_name"":""present"",""data_value"":""present"",""display"":{""title"":{""text"":""Present""}},""_row_num"":37}]"
Column,feel_for_fever,displayChoicesList,object,"[{""choice_list_name"":""present"",""data_value"":""not_present"",""display"":{""title"":{""text"":""Not Present""}},""_row_num"":36},{""choice_list_name"":""present"",""data_value"":""present"",""display"":{""title"":{""text"":""Present""}},""_row_num"":37}]"
Column,fever_present_every_day,displayChoicesList,object,"[{""choice_list_name"":""yes_no"",""data_value"":""no"",""display"":{""title"":{""text"":""No""}},""_row_num"":33},{""choice_list_name"":""yes_no"",""data_value"":""yes"",""display"":{""title"":{""text"":""Yes""}},""_row_num"":34}]"
Column,going_to_hospital,displayChoicesList,object,"[{""choice_list_name"":""yes_no"",""data_value"":""no"",""display"":{""title"":{""text"":""No""}},""_row_num"":33},{""choice_list_name"":""yes_no"",""data_value"":""yes"",""display"":{""title"":{""text"":""Yes""}},""_row_num"":34}]"
Column,leave_before_treatment_end,displayChoicesList,object,"[{""choice_list_name"":""yes_no"",""data_value"":""no"",""display"":{""title"":{""text"":""No""}},""_row_num"":33},{""choice_list_name"":""yes_no"",""data_value"":""yes"",""display"":{""title"":{""text"":""Yes""}},""_row_num"":34}]"
Column,lethargic,displayChoicesList,object,"[{""choice_list_name"":""yes_no"",""data_value"":""no"",""display"":{""title"":{""text"":""No""}},""_row_num"":33},{""choice_list_name"":""yes_no"",""data_value"":""yes"",""display"":{""title"":{""text"":""Yes""}},""_row_num"":34}]"
Column,malaria_risk,displayChoicesList,object,"[{""choice_list_name"":""high_low"",""data_value"":""high"",""display"":{""title"":{""text"":""High Risk""}},""_row_num"":113},{""choice_list_name"":""high_low"",""data_value"":""low"",""display"":{""title"":{""text"":""Low Risk""}},""_row_num"":114}]"
Column,malaria_treatment,displayChoicesList,object,"[{""comments"":""malaria_treatment"",""choice_list_name"":""malaria_treatment"",""data_value"":""quinine"",""display"":{""title"":{""text"":""Quinine, IM""}},""_row_num"":15},{""choice_list_name"":""malaria_treatment"",""data_value"":""artemether"",""display"":{""title"":{""text"":""Artemether, IM""}},""_row_num"":16},{""choice_list_name"":""malaria_treatment"",""data_value"":""artesunate"",""display"":{""title"":{""text"":""Artesunate, rectal""}},""_row_num"":17}]"
Column,malnutrition_grade,displayChoicesList,object,"[{""choice_list_name"":""malnutrition_grade"",""data_value"":""Normal"",""display"":{""title"":{""text"":""<strong><span style=\""background-color:#00CC00\"">Weight for age > 80% (Above the median)</span>""}},""_row_num"":108},{""choice_list_name"":""malnutrition_grade"",""data_value"":""MildPEM"",""display"":{""title"":{""text"":""<strong><span style=\""background-color: #ffff66\"">Weight for age < 80% but > 75% (Below median)</span>""}},""_row_num"":109},{""choice_list_name"":""malnutrition_grade"",""data_value"":""ModPEM"",""display"":{""title"":{""text"":""<strong><span style=\""background-color:orange\"">Weight for age < 75% but > 60% (Below low weight for age)</span>""}},""_row_num"":110},{""choice_list_name"":""malnutrition_grade"",""data_value"":""SeverePEM"",""display"":{""title"":{""text"":""<strong><span style=\""background-color:red\"">Weight for age < 60% expected weight for age (Below very low weight for age)</span>""}},""_row_num"":111}]"
Column,measles_three_month,displayChoicesList,object,"[{""choice_list_name"":""yes_no"",""data_value"":""no"",""display"":{""title"":{""text"":""No""}},""_row_num"":33},{""choice_list_name"":""yes_no"",""data_value"":""yes"",""display"":{""title"":{""text"":""Yes""}},""_row_num"":34}]"
Column,mouth_ulcers,displayChoicesList,object,"[{""choice_list_name"":""present"",""data_value"":""not_present"",""display"":{""title"":{""text"":""Not Present""}},""_row_num"":36},{""choice_list_name"":""present"",""data_value"":""present"",""display"":{""title"":{""text"":""Present""}},""_row_num"":37}]"
Column,mouth_ulcers_deep,displayChoicesList,object,"[{""choice_list_name"":""yes_no"",""data_value"":""no"",""display"":{""title"":{""text"":""No""}},""_row_num"":33},{""choice_list_name"":""yes_no"",""data_value"":""yes"",""display"":{""title"":{""text"":""Yes""}},""_row_num"":34}]"
Column,muac,displayChoicesList,object,"[{""comments"":""muac"",""choice_list_name"":""muac"",""data_value"":""green"",""display"":{""title"":{""text"":""<strong><span style=\""background-color:#00CC00\"">GREEN</strong></span> - MUAC > 13.5 cm""}},""_row_num"":4},{""choice_list_name"":""muac"",""data_value"":""yellow"",""display"":{""title"":{""text"":""<strong><span style=\""background-color: #ffff66\"">YELLOW</strong></span> - MUAC 12.5 - 13.5 cm""}},""_row_num"":5},{""choice_list_name"":""muac"",""data_value"":""orange"",""display"":{""title"":{""text"":""<strong><span style=\""background-color:orange\"">ORANGE</strong></span> - MUAC 12.0 - 12.5 cm""}},""_row_num"":6},{""choice_list_name"":""muac"",""data_value"":""red"",""display"":{""title"":{""text"":""<strong><span style=\""background-color:red\"">RED</strong></span> - MUAC < 12 cm""}},""_row_num"":7}]"
Column,needed_vaccinations,displayChoicesList,object,"[{""choice_list_name"":""vaccinations"",""data_value"":""bcg"",""display"":{""title"":{""text"":""<span style=\""background-color:#FFFFFF\"">BCG</span>""}},""age_weeks"":0,""_row_num"":50},{""comments"":""edited vaccination names"",""choice_list_name"":""vaccinations"",""data_value"":""polio_zero"",""display"":{""title"":{""text"":""<span style=\""background-color:#FFFFFF\"">Polio 'O'</span>""}},""age_weeks"":0,""_row_num"":51},{""choice_list_name"":""vaccinations"",""data_value"":""polio_one"",""display"":{""title"":{""text"":""<span style=\""background-color:#DDDDDD\"">Polio '1'</span>""}},""age_weeks"":6,""_row_num"":52},{""choice_list_name"":""vaccinations"",""data_value"":""five_one"",""display"":{""title"":{""text"":""<span style=\""background-color:#DDDDDD\"">\""Five in One\"" 1</span>""}},""age_weeks"":6,""_row_num"":53},{""choice_list_name"":""vaccinations"",""data_value"":""pneumo_one"",""display"":{""title"":{""text"":""<span style=\""background-color:#DDDDDD'>Pneumococcal '1'</span>""}},""age_weeks"":6,""_row_num"":54},{""choice_list_name"":""vaccinations"",""data_value"":""rota_one"",""display"":{""title"":{""text"":""<span style=\""background-color:#DDDDDD\"">Rotavirus  '1'</span>""}},""age_weeks"":6,""_row_num"":55},{""choice_list_name"":""vaccinations"",""data_value"":""polio_two"",""display"":{""title"":{""text"":""<span style=\""background-color:#BBBBBB\"">Polio '2'</span>""}},""age_weeks"":10,""_row_num"":56},{""choice_list_name"":""vaccinations"",""data_value"":""five_two"",""display"":{""title"":{""text"":""<span style=\""background-color:#BBBBBB\"">\""Five in One\"" 2</span>""}},""age_weeks"":10,""_row_num"":57},{""choice_list_name"":""vaccinations"",""data_value"":""pneumo_two"",""display"":{""title"":{""text"":""<span style=\""background-color:#BBBBBB\"">Pneumococcal '2'</span>""}},""age_weeks"":10,""_row_num"":58},{""choice_list_name"":""vaccinations"",""data_value"":""rota_two"",""display"":{""title"":{""text"":""<span style=\""background-color:#BBBBBB\"">Rotavirus  '2'</span>""}},""age_weeks"":10,""_row_num"":59},{""choice_list_name"":""vaccinations"",""data_value"":""polio_three"",""display"":{""title"":{""text"":""<span style=\""background-color:#DDDDDD; \""font color:white\"">Polio '3'</span>""}},""age_weeks"":14,""_row_num"":60},{""choice_list_name"":""vaccinations"",""data_value"":""five_three"",""display"":{""title"":{""text"":""<span style=\""background-color:#DDDDDD\""; \""font color:white\"">\""Five in One\"" 3</span>""}},""age_weeks"":14,""_row_num"":61},{""choice_list_name"":""vaccinations"",""data_value"":""pneumo_three"",""display"":{""title"":{""text"":""<span style=\""background-color:#DDDDDD\""; \""font color:white\"">Pneumococcal '3'</span>""}},""age_weeks"":14,""_row_num"":62},{""choice_list_name"":""vaccinations"",""data_value"":""rota_three"",""display"":{""title"":{""text"":""<span style=\""background-color:#DDDDDD\""; \""font-color:white\"">Rotavirus  '3'</span>""}},""age_weeks"":14,""_row_num"":63},{""choice_list_name"":""vaccinations"",""data_value"":""measles_one"",""display"":{""title"":{""text"":""<span style=\""background-color:#BBBBBB\""; \""font color:white\"">Measles '1'</span>""}},""age_weeks"":36,""_row_num"":64},{""choice_list_name"":""vaccinations"",""data_value"":""yellow_fever"",""display"":{""title"":{""text"":""<span style=\""background-color:#BBBBBB\""; \""color:white\"">Yellow Fever</span>""}},""age_weeks"":36,""_row_num"":65},{""choice_list_name"":""vaccinations"",""data_value"":""measles_two"",""display"":{""title"":{""text"":""<span style=\""background-color:#DDDDDD\""; \""font color:white\"">Measles '2'</span>""}},""age_weeks"":72,""_row_num"":66},{""comments"":""ask doctor age appropriate weeks vitA"",""choice_list_name"":""vaccinations"",""data_value"":""vitA"",""display"":{""title"":{""text"":""<span style=\""background-color:#FFFFFF\"">Vitamin A</span>""}},""age_weeks"":0,""_row_num"":67},{""choice_list_name"":""vaccinations"",""data_value"":""uptodate"",""display"":{""title"":{""text"":""<i>Child is up to date on all vaccinations.</i>""}},""age_weeks"":0,""_row_num"":68}]"
Column,oedema,displayChoicesList,object,"[{""choice_list_name"":""present"",""data_value"":""not_present"",""display"":{""title"":{""text"":""Not Present""}},""_row_num"":36},{""choice_list_name"":""present"",""data_value"":""present"",""display"":{""title"":{""text"":""Present""}},""_row_num"":37}]"
Column,other_foods_types,displayChoicesList,object,"[{""choice_list_name"":""food"",""data_value"":""milk"",""display"":{""title"":{""text"":""Milk""}},""_row_num"":70},{""choice_list_name"":""food"",""data_value"":""juice"",""display"":{""title"":{""text"":""Juice""}},""_row_num"":71},{""choice_list_name"":""food"",""data_value"":""water"",""display"":{""title"":{""text"":""Water""}},""_row_num"":72},{""choice_list_name"":""food"",""data_value"":""formula"",""display"":{""title"":{""text"":""Formula""}},""_row_num"":73},{""choice_list_name"":""food"",""data_value"":""cereal"",""display"":{""title"":{""text"":""Cereal""}},""_row_num"":74},{""choice_list_name"":""food"",""data_value"":""milk_based_wheat/rice"",""display"":{""title"":{""text"":""Cooked wheat/rice based with undiluted milk and sugar""}},""_row_num"":75},{""choice_list_name"":""food"",""data_value"":""water_based_wheat/rice"",""display"":{""title"":{""text"":""Cooked wheat/rice based with dal/lentil water""}},""_row_num"":76},{""choice_list_name"":""food"",""data_value"":""khichri"",""display"":{""title"":{""text"":""Khichri (cooked rice+dal/lentil in thinned form)""}},""_row_num"":77},{""choice_list_name"":""food"",""data_value"":""fruit"",""display"":{""title"":{""text"":""Mashed fruit""}},""_row_num"":78},{""choice_list_name"":""food"",""data_value"":""vegetables"",""display"":{""title"":{""text"":""Boiled or cooked vegetables""}},""_row_num"":79},{""choice_list_name"":""food"",""data_value"":""mixed_food"",""display"":{""title"":{""text"":""Normal mixed food as adults""}},""_row_num"":80}]"
Column,other_problems,displayChoicesList,object,"[{""choice_list_name"":""yes_no"",""data_value"":""no"",""display"":{""title"":{""text"":""No""}},""_row_num"":33},{""choice_list_name"":""yes_no"",""data_value"":""yes"",""display"":{""title"":{""text"":""Yes""}},""_row_num"":34}]"
Column,otitis_tx,displayChoicesList,object,"[{""comments"":""otitis_tx"",""choice_list_name"":""otitis_tx"",""data_value"":""eryth"",""display"":{""title"":{""text"":""Erythromycin, oral""}},""_row_num"":12},{""choice_list_name"":""otitis_tx"",""data_value"":""cotrimox"",""display"":{""title"":{""text"":""Co-trimoxazole, oral""}},""_row_num"":13}]"
Column,pneumonia_tx,displayChoicesList,object,"[{""comments"":""pneumonia_tx"",""choice_list_name"":""pneumonia_tx"",""data_value"":""eryth"",""display"":{""title"":{""text"":""Erythromycin, oral""}},""_row_num"":10},{""choice_list_name"":""pneumonia_tx"",""data_value"":""azith"",""display"":{""title"":{""text"":""Azithromycin, oral""}},""_row_num"":11}]"
Column,rash_generalized,displayChoicesList,object,"[{""choice_list_name"":""present"",""data_value"":""not_present"",""display"":{""title"":{""text"":""Not Present""}},""_row_num"":36},{""choice_list_name"":""present"",""data_value"":""present"",""display"":{""title"":{""text"":""Present""}},""_row_num"":37}]"
Column,red_eyes,displayChoicesList,object,"[{""choice_list_name"":""present"",""data_value"":""not_present"",""display"":{""title"":{""text"":""Not Present""}},""_row_num"":36},{""choice_list_name"":""present"",""data_value"":""present"",""display"":{""title"":{""text"":""Present""}},""_row_num"":37}]"
Column,restless,displayChoicesList,object,"[{""choice_list_name"":""yes_no"",""data_value"":""no"",""display"":{""title"":{""text"":""No""}},""_row_num"":33},{""choice_list_name"":""yes_no"",""data_value"":""yes"",""display"":{""title"":{""text"":""Yes""}},""_row_num"":34}]"
Column,rice_water,displayChoicesList,object,"[{""choice_list_name"":""yes_no"",""data_value"":""no"",""display"":{""title"":{""text"":""No""}},""_row_num"":33},{""choice_list_name"":""yes_no"",""data_value"":""yes"",""display"":{""title"":{""text"":""Yes""}},""_row_num"":34}]"
Column,runny_nose,displayChoicesList,object,"[{""choice_list_name"":""present"",""data_value"":""not_present"",""display"":{""title"":{""text"":""Not Present""}},""_row_num"":36},{""choice_list_name"":""present"",""data_value"":""present"",""display"":{""title"":{""text"":""Present""}},""_row_num"":37}]"
Column,separate_serving,displayChoicesList,object,"[{""choice_list_name"":""yes_no"",""data_value"":""no"",""display"":{""title"":{""text"":""No""}},""_row_num"":33},{""choice_list_name"":""yes_no"",""data_value"":""yes"",""display"":{""title"":{""text"":""Yes""}},""_row_num"":34}]"
Column,serving_unit,displayChoicesList,object,"[{""choice_list_name"":""katori_teaspoon"",""data_value"":""katori"",""display"":{""title"":{""text"":""Katori""}},""_row_num"":102},{""choice_list_name"":""katori_teaspoon"",""data_value"":""teaspoon"",""display"":{""title"":{""text"":""Teaspoon""}},""_row_num"":103}]"
Column,skin_elasticity,displayChoicesList,object,"[{""choice_list_name"":""skin_elasticity"",""data_value"":""normal"",""display"":{""title"":{""text"":""Skin goes back normally""}},""_row_num"":46},{""choice_list_name"":""skin_elasticity"",""data_value"":""slow"",""display"":{""title"":{""text"":""Slowly""}},""_row_num"":47},{""choice_list_name"":""skin_elasticity"",""data_value"":""very_slow"",""display"":{""title"":{""text"":""Very slowly (longer than 2 seconds)""}},""_row_num"":48}]"
Column,stiff_neck,displayChoicesList,object,"[{""choice_list_name"":""present"",""data_value"":""not_present"",""display"":{""title"":{""text"":""Not Present""}},""_row_num"":36},{""choice_list_name"":""present"",""data_value"":""present"",""display"":{""title"":{""text"":""Present""}},""_row_num"":37}]"
Column,stridor,displayChoicesList,object,"[{""choice_list_name"":""present"",""data_value"":""not_present"",""display"":{""title"":{""text"":""Not Present""}},""_row_num"":36},{""choice_list_name"":""present"",""data_value"":""present"",""display"":{""title"":{""text"":""Present""}},""_row_num"":37}]"
Column,sunken_eyes,displayChoicesList,object,"[{""comments"":""inserted sunken_eyes"",""choice_list_name"":""sunken_eyes"",""data_value"":""normal"",""display"":{""title"":{""text"":""Normal""}},""_row_num"":25},{""choice_list_name"":""sunken_eyes"",""data_value"":""sunken"",""display"":{""title"":{""text"":""Sunken""}},""_row_num"":26},{""choice_list_name"":""sunken_eyes"",""data_value"":""very_sunken"",""display"":{""title"":{""text"":""Very sunken and dry""}},""_row_num"":27}]"
Column,takes_other_foods,displayChoicesList,object,"[{""choice_list_name"":""yes_no"",""data_value"":""no"",""display"":{""title"":{""text"":""No""}},""_row_num"":33},{""choice_list_name"":""yes_no"",""data_value"":""yes"",""display"":{""title"":{""text"":""Yes""}},""_row_num"":34}]"
Column,vomit_everything,displayChoicesList,object,"[{""choice_list_name"":""yes_no"",""data_value"":""no"",""display"":{""title"":{""text"":""No""}},""_row_num"":33},{""choice_list_name"":""yes_no"",""data_value"":""yes"",""display"":{""title"":{""text"":""Yes""}},""_row_num"":34}]"
Column,wasting,displayChoicesList,object,"[{""choice_list_name"":""present"",""data_value"":""not_present"",""display"":{""title"":{""text"":""Not Present""}},""_row_num"":36},{""choice_list_name"":""present"",""data_value"":""present"",""display"":{""title"":{""text"":""Present""}},""_row_num"":37}]"
FormType,default,FormType.formType,string,SURVEY
SurveyUtil,default,SurveyUtil.formId,string,imgci
Table,default,defaultViewType,string,SPREADSHEET
Table,default,displayName,object,"{""text"":""<b>IMCI Ghana</b>""}"
