_element_key,_element_name,_element_type,_list_child_element_keys
asset_wealth,asset_wealth,array,"[""asset_wealth_items""]"
asset_wealth_items,items,string,[]
crops_cassava,crops_cassava,integer,[]
crops_kava,crops_kava,integer,[]
crops_taro,crops_taro,integer,[]
customary_membership,customary_membership,string,[]
fish_catch,fish_catch,integer,[]
fish_days,fish_days,integer,[]
food_security,food_security,integer,[]
household_human_id,household_human_id,string,[]
household_id,household_id,string,[]
household_image,household_image,mimeUri,"[""household_image_contentType"",""household_image_uriFragment""]"
household_image_contentType,contentType,mimeType,[]
household_image_uriFragment,uriFragment,rowpath,[]
household_village,household_village,string,[]
income_head_amount,income_head_amount,integer,[]
income_head_source,income_head_source,string,[]
income_spouse_amount,income_spouse_amount,integer,[]
income_spouse_source,income_spouse_source,string,[]
location,location,geopoint,"[""location_accuracy"",""location_altitude"",""location_latitude"",""location_longitude""]"
location_accuracy,accuracy,number,[]
location_altitude,altitude,number,[]
location_latitude,latitude,number,[]
location_longitude,longitude,number,[]
mataqali,mataqali,string,[]
membership_notes,membership_notes,string,[]
tokatoka,tokatoka,string,[]
yavusa,yavusa,string,[]
