<?xml version="1.0"?>
<h:html xmlns="http://www.w3.org/2002/xforms" xmlns:ev="http://www.w3.org/2001/xml-events" xmlns:h="http://www.w3.org/1999/xhtml" xmlns:jr="http://openrosa.org/javarosa" xmlns:orx="http://openrosa.org/xforms" xmlns:xsd="http://www.w3.org/2001/XMLSchema">
  <h:head>
    <h:title>plot_collect</h:title>
    <model>
      <instance>
        <plot_collect id="plot_collect">
          <plot_name/>
          <plot_id/>
          <location/>
          <planting/>
          <plot_size/>
          <meta>
            <instanceID/>
          </meta>
        </plot_collect>
      </instance>
      <bind nodeset="/plot_collect/plot_name" type="string"/>
      <bind nodeset="/plot_collect/plot_id" type="int"/>
      <bind nodeset="/plot_collect/location" type="geopoint"/>
      <bind nodeset="/plot_collect/planting" type="select1"/>
      <bind nodeset="/plot_collect/plot_size" type="int"/>
      <bind calculate="concat('uuid:', uuid())" nodeset="/plot_collect/meta/instanceID" readonly="true()" type="string"/>
    </model>
  </h:head>
  <h:body>
    <input ref="/plot_collect/plot_name">
      <label>Enter the name of the plot:</label>
    </input>
    <input ref="/plot_collect/plot_id">
      <label>Enter the plot ID of this plot:</label>
    </input>
    <input ref="/plot_collect/location">
      <label>Capture location:</label>
      <hint>GPS coordinates can only be collected when outside.</hint>
    </input>
    <select1 ref="/plot_collect/planting">
      <label>What type of maize plant is in this plot?</label>
      <item>
        <label>White</label>
        <value>white</value>
      </item>
      <item>
        <label>Yellow</label>
        <value>yellow</value>
      </item>
      <item>
        <label>Orange</label>
        <value>orange</value>
      </item>
    </select1>
    <input ref="/plot_collect/plot_size">
      <label>How big is this plot in hectares?</label>
    </input>
  </h:body>
</h:html>
