_partition,_aspect,_key,_type,_value
Column,visited_continents,displayChoicesList,object,"[{""choice_list_name"":""continents"",""data_value"":""NorthAmerica"",""display"":{""title"":{""text"":""North America""}},""_row_num"":4},{""choice_list_name"":""continents"",""data_value"":""SouthAmerica"",""display"":{""title"":{""text"":""South America""}},""_row_num"":5},{""choice_list_name"":""continents"",""data_value"":""Europe"",""display"":{""title"":{""text"":""Europe""}},""_row_num"":6},{""choice_list_name"":""continents"",""data_value"":""Africa"",""display"":{""title"":{""text"":""Africa""}},""_row_num"":7},{""choice_list_name"":""continents"",""data_value"":""Asia"",""display"":{""title"":{""text"":""Asia""}},""_row_num"":8},{""choice_list_name"":""continents"",""data_value"":""Australia"",""display"":{""title"":{""text"":""Australia""}},""_row_num"":9},{""choice_list_name"":""continents"",""data_value"":""Antarctica"",""display"":{""title"":{""text"":""Antarctica""}},""_row_num"":10}]"
Column,visited_seattle,displayChoicesList,object,"[{""choice_list_name"":""yesno"",""data_value"":""yes"",""display"":{""title"":{""text"":""yes""}},""_row_num"":2},{""choice_list_name"":""yesno"",""data_value"":""no"",""display"":{""title"":{""text"":""no""}},""_row_num"":3}]"
FormType,default,FormType.formType,string,SURVEY
SurveyUtil,default,SurveyUtil.formId,string,customAppearance
Table,default,defaultViewType,string,SPREADSHEET
Table,default,displayName,object,"{""text"":""Custom Appearance Form""}"
