{
  "name": "mocha",
  "version": "1.14.0",
  "main": "mocha.js",
  "ignore": [
    "bin",
    "editors",
    "images",
    "lib",
    "support",
    "test",
    ".gitignore",
    ".npmignore",
    ".travis.yml",
    "component.json",
    "index.js",
    "Makefile",
    "package.json"
  ],
  "homepage": "https://github.com/visionmedia/mocha",
  "_release": "1.14.0",
  "_resolution": {
    "type": "version",
    "tag": "1.14.0",
    "commit": "10c65f379c4501269c83a719a04bd2fb0013f853"
  },
  "_source": "git://github.com/visionmedia/mocha.git",
  "_target": "~1.14.0",
  "_originalSource": "mocha"
}