{"data":[{"bacterial_presence":"1","elevation":"32","temperature":"87","water_source_id":"1"},{"bacterial_presence":"1","elevation":"177","temperature":"74","water_source_id":"2"},{"bacterial_presence":"1","elevation":"236","temperature":"65","water_source_id":"3"},{"bacterial_presence":"1","elevation":"949","temperature":"32","water_source_id":"4"},{"bacterial_presence":"1","elevation":"244","temperature":"63","water_source_id":"5"},{"bacterial_presence":"1","elevation":"90","temperature":"77","water_source_id":"6"},{"bacterial_presence":"1","elevation":"144","temperature":"71","water_source_id":"7"},{"bacterial_presence":"1","elevation":"966","temperature":"33","water_source_id":"8"},{"bacterial_presence":"1","elevation":"293","temperature":"69","water_source_id":"9"},{"bacterial_presence":"1","elevation":"669","temperature":"53","water_source_id":"10"}],"columnData":{"bacterial_presence":["1","1","1","1","1","1","1","1","1","1"],"elevation":["32","177","236","949","244","90","144","966","293","669"],"temperature":["87","74","65","32","63","77","71","33","69","53"],"water_source_id":["1","2","3","4","5","6","7","8","9","10"]},"columns":{"bacterial_presence":"None","water_source_id":"None","temperature":"None","elevation":"None"},"rowIds":["50b437a6-f5f3-4a24-ae29-5d4ac6f07a9d","8b40ad58-efba-4da9-81fb-6f5199239765","de03923e-a7d6-4a3e-bb83-2c97a18b0987","b1d6dfa9-0219-4506-be6e-ff5513786d5b","b3bef5a2-7942-4370-a22f-6730b6185f08","a87957b4-388d-417e-a7d4-e196569ca91e","74e71309-f5e1-4c84-8e37-724f9ced08be","8e53c43e-dffc-4976-a59a-387261ad95b6","d797947d-e32b-4cb9-bd73-718a583e73ef","67c66ce6-f045-44ca-a405-de689bf8fa95"],"count":10,"tableId":"aquatic_bacteria","isGroupedBy":false}