{"tables":{"other_species":{"pathToKey":{"OS_OSL_local_species_name":"OS_OSL_local_species_name","OS_FOL_date":"OS_FOL_date","OS_time_begin":"OS_time_begin","OS_time_end":"OS_time_end","OS_duration":"OS_duration","OS_comments":"OS_comments","OS_local_species_name_written":"OS_local_species_name_written","OS_FOL_B_focal_AnimID":"OS_FOL_B_focal_AnimID"},"pathToName":{"OS_OSL_local_species_name":"OS_OSL_local_species_name","OS_FOL_date":"OS_FOL_date","OS_time_begin":"OS_time_begin","OS_time_end":"OS_time_end","OS_duration":"OS_duration","OS_comments":"OS_comments","OS_local_species_name_written":"OS_local_species_name_written","OS_FOL_B_focal_AnimID":"OS_FOL_B_focal_AnimID"}},"groom_bout":{"pathToKey":{"GRM_time_begin":"GRM_time_begin","GRM_dur":"GRM_dur","GRM_B_partner_AnimID":"GRM_B_partner_AnimID","GRM_direction":"GRM_direction","GRM_time_certainty":"GRM_time_certainty","GRM_FOL_date":"GRM_FOL_date","GRM_time_end":"GRM_time_end","GRM_other_partners":"GRM_other_partners","GRM_FOL_B_focal_AnimID":"GRM_FOL_B_focal_AnimID"},"pathToName":{"GRM_time_begin":"GRM_time_begin","GRM_dur":"GRM_dur","GRM_B_partner_AnimID":"GRM_B_partner_AnimID","GRM_direction":"GRM_direction","GRM_time_certainty":"GRM_time_certainty","GRM_FOL_date":"GRM_FOL_date","GRM_time_end":"GRM_time_end","GRM_other_partners":"GRM_other_partners","GRM_FOL_B_focal_AnimID":"GRM_FOL_B_focal_AnimID"}},"geotagger":{"pathToKey":{"uriFragment":"Image_uriFragment","Description":"Description","altitude":"Location_altitude","Image":"Image","Location":"Location","longitude":"Location_longitude","latitude":"Location_latitude","contentType":"Image_contentType","accuracy":"Location_accuracy","Date_and_Time":"Date_and_Time"},"pathToName":{"Location_accuracy":"Location Accuracy","Description":"Description","Image":"Image","Location_latitude":"Location Latitude","Location":"Location","Image_uriFragment":"Image uriFragment","Location_altitude":"Location Altitude","Date_and_Time":"Date and Time","Image_contentType":"Image contentType","Location_longitude":"Location Longitude"},"defaultListFile":"tables/geotagger/html/geo_list.html","defaultDetailFile":"tables/geotagger/html/geo_detail.html"},"Tea_houses_editable":{"pathToKey":{"WiFi":"WiFi","Owner":"Owner","Date_Opened":"Date_Opened","Customers":"Customers","altitude":"Location_altitude","Hot":"Hot","Location":"Location","Specialty_Type_id":"Specialty_Type_id","Name":"Name","House_id":"House_id","Region":"Region","Neighborhood":"Neighborhood","State":"State","Phone_Number":"Phone_Number","District":"District","longitude":"Location_longitude","latitude":"Location_latitude","Iced":"Iced","accuracy":"Location_accuracy","Visits":"Visits"},"pathToName":{"WiFi":"WiFi","Owner":"Owner","Location_accuracy":"Accuracy","Date_Opened":"Date_Opened","Customers":"Customers","Hot":"Hot","Location":"Location","Specialty_Type_id":"Specialty_Type_id","Location_altitude":"Altitude","Name":"Name","House_id":"House_id","Region":"Region","Neighborhood":"Neighborhood","State":"State","Phone_Number":"Phone_Number","District":"District","Location_latitude":"Latitude","Iced":"Iced","Visits":"Visits","Location_longitude":"Longitude"}},"visit":{"pathToKey":{"uriFragment":"plant_picture_uriFragment","pests":"pests","items":"pests_items","plant_height":"plant_height","plant_health":"plant_health","contentType":"plant_picture_contentType","plant_picture":"plant_picture","date":"date","plot_id":"plot_id","soil":"soil","observations":"observations"},"pathToName":{"pests":"pests","plant_picture_contentType":"contentType","plant_height":"plant_height","plant_health":"plant_health","pests_items":"items","plant_picture":"plant_picture","date":"date","plot_id":"plot_id","plant_picture_uriFragment":"uriFragment","soil":"soil","observations":"observations"}},"Tea_houses":{"pathToKey":{"WiFi":"WiFi","Owner":"Owner","Date_Opened":"Date_Opened","Customers":"Customers","altitude":"Location_altitude","Hot":"Hot","Location":"Location","Specialty_Type_id":"Specialty_Type_id","Name":"Name","House_id":"House_id","Region":"Region","Neighborhood":"Neighborhood","State":"State","Phone_Number":"Phone_Number","District":"District","longitude":"Location_longitude","latitude":"Location_latitude","Iced":"Iced","accuracy":"Location_accuracy","Visits":"Visits"},"pathToName":{"WiFi":"WiFi","Owner":"Owner","Location_accuracy":"Accuracy","Date_Opened":"Date_Opened","Customers":"Customers","Hot":"Hot","Location":"Location","Specialty_Type_id":"Specialty_Type_id","Location_altitude":"Altitude","Name":"Name","House_id":"House_id","Region":"Region","Neighborhood":"Neighborhood","State":"State","Phone_Number":"Phone_Number","District":"District","Location_latitude":"Latitude","Iced":"Iced","Visits":"Visits","Location_longitude":"Longitude"},"defaultListFile":"tables/Tea_houses/html/Tea_houses_list.html","defaultDetailFile":"tables/Tea_houses/html/Tea_houses_detail.html"},"exampleForm":{"pathToKey":{"image_test":"image_test","born":"born","sex":"sex","recording":"recording","weight":"weight","location":"location","altitude":"location_altitude","contentType":"video_test_contentType","time":"time","audio_test":"audio_test","name":"name","age":"age","longitude":"location_longitude","datetime":"datetime","uriFragment":"video_test_uriFragment","visited_continents":"visited_continents","geopoint":"geopoint","barcode":"barcode","coffee_today":"coffee_today","picture":"picture","video_test":"video_test","items":"visited_continents_items","avg_coffee":"avg_coffee","visited_seattle":"visited_seattle","rating":"rating","latitude":"location_latitude","examples":"examples","accuracy":"location_accuracy"},"pathToName":{"image_test":"image_test","born":"born","sex":"sex","recording":"recording","image_test_uriFragment":"uriFragment","audio_test_uriFragment":"uriFragment","audio_test_contentType":"contentType","weight":"weight","video_test_uriFragment":"uriFragment","location":"location","recording_contentType":"contentType","recording_uriFragment":"uriFragment","picture_contentType":"contentType","geopoint_longitude":"longitude","picture_uriFragment":"uriFragment","location_altitude":"altitude","time":"time","audio_test":"audio_test","name":"name","examples_items":"items","age":"age","visited_continents_items":"items","datetime":"datetime","location_latitude":"latitude","visited_continents":"visited_continents","image_test_contentType":"contentType","location_longitude":"longitude","geopoint":"geopoint","video_test_contentType":"contentType","barcode":"barcode","coffee_today":"coffee_today","picture":"picture","geopoint_altitude":"altitude","video_test":"video_test","location_accuracy":"accuracy","avg_coffee":"avg_coffee","geopoint_latitude":"latitude","visited_seattle":"visited_seattle","rating":"rating","examples":"examples","geopoint_accuracy":"accuracy"}},"scan_example":{"pathToKey":{"thurs_chores_image0":"thurs_chores_image0","stay_image0":"stay_image0","sat_chores":"sat_chores","contentType":"wed_chores_image0_contentType","roomNum_image0":"roomNum_image0","tues_chores":"tues_chores","scan_output_directory":"scan_output_directory","tues_chores_image0":"tues_chores_image0","comments_image0":"comments_image0","roomNum":"roomNum","name":"name","mon_chores_image0":"mon_chores_image0","sat_chores_image0":"sat_chores_image0","uriFragment":"wed_chores_image0_uriFragment","fri_chores_image0":"fri_chores_image0","stay":"stay","name_image0":"name_image0","mon_chores":"mon_chores","fri_chores":"fri_chores","qrcode_image0":"qrcode_image0","address_image0":"address_image0","wed_chores":"wed_chores","wed_chores_image0":"wed_chores_image0","sun_chores_image0":"sun_chores_image0","address":"address","thurs_chores":"thurs_chores","qrcode":"qrcode","comments":"comments","sun_chores":"sun_chores"},"pathToName":{"address_image0_contentType":"address_image0_contentType","sat_chores":"sat_chores","tues_chores":"tues_chores","stay_image0_contentType":"stay_image0_contentType","fri_chores_image0_contentType":"fri_chores_image0_contentType","tues_chores_image0":"tues_chores_image0","qrcode_image0_contentType":"qrcode_image0_contentType","mon_chores_image0_uriFragment":"mon_chores_image0_uriFragment","mon_chores_image0":"mon_chores_image0","wed_chores_image0_uriFragment":"wed_chores_image0_uriFragment","sat_chores_image0":"sat_chores_image0","name_image0":"name_image0","mon_chores":"mon_chores","qrcode_image0":"qrcode_image0","address_image0":"address_image0","wed_chores_image0":"wed_chores_image0","roomNum_image0_uriFragment":"roomNum_image0_uriFragment","wed_chores_image0_contentType":"wed_chores_image0_contentType","stay_image0_uriFragment":"stay_image0_uriFragment","name_image0_contentType":"name_image0_contentType","sun_chores_image0":"sun_chores_image0","sat_chores_image0_uriFragment":"sat_chores_image0_uriFragment","qrcode":"qrcode","sun_chores_image0_uriFragment":"sun_chores_image0_uriFragment","comments_image0_uriFragment":"comments_image0_uriFragment","comments_image0_contentType":"comments_image0_contentType","roomNum_image0_contentType":"roomNum_image0_contentType","thurs_chores_image0":"thurs_chores_image0","stay_image0":"stay_image0","roomNum_image0":"roomNum_image0","scan_output_directory":"scan_output_directory","fri_chores_image0_uriFragment":"fri_chores_image0_uriFragment","comments_image0":"comments_image0","thurs_chores_image0_contentType":"thurs_chores_image0_contentType","roomNum":"roomNum","name_image0_uriFragment":"name_image0_uriFragment","name":"name","sun_chores_image0_contentType":"sun_chores_image0_contentType","qrcode_image0_uriFragment":"qrcode_image0_uriFragment","mon_chores_image0_contentType":"mon_chores_image0_contentType","fri_chores_image0":"fri_chores_image0","stay":"stay","fri_chores":"fri_chores","wed_chores":"wed_chores","sat_chores_image0_contentType":"sat_chores_image0_contentType","tues_chores_image0_uriFragment":"tues_chores_image0_uriFragment","address_image0_uriFragment":"address_image0_uriFragment","tues_chores_image0_contentType":"tues_chores_image0_contentType","address":"address","thurs_chores":"thurs_chores","thurs_chores_image0_uriFragment":"thurs_chores_image0_uriFragment","comments":"comments","sun_chores":"sun_chores"},"defaultListFile":"tables/scan_example/html/scan_example_list.html","defaultDetailFile":"tables/scan_example/html/scan_example_detail.html"},"plot":{"pathToKey":{"plot_name":"plot_name","planting":"planting","longitude":"location_longitude","latitude":"location_latitude","accuracy":"location_accuracy","location":"location","altitude":"location_altitude"},"pathToName":{"plot_name":"plot_name","planting":"planting","location_altitude":"altitude","location_accuracy":"accuracy","location_longitude":"longitude","location":"location","location_latitude":"latitude"}},"food_bout":{"pathToKey":{"FB_local_food_part_written":"FB_local_food_part_written","FB_FOL_B_AnimID":"FB_FOL_B_AnimID","FB_FPL_local_food_part2":"FB_FPL_local_food_part2","FB_FL_local_food_name2":"FB_FL_local_food_name2","FB_FOL_date":"FB_FOL_date","FB_FL_local_food_name":"FB_FL_local_food_name","FB_duration":"FB_duration","FB_begin_feed_time":"FB_begin_feed_time","FB_FPL_local_food_part":"FB_FPL_local_food_part","FB_end_feed_time":"FB_end_feed_time","FB_local_food_name_written":"FB_local_food_name_written"},"pathToName":{"FB_local_food_part_written":"FB_local_food_part_written","FB_FOL_B_AnimID":"FB_FOL_B_AnimID","FB_FPL_local_food_part2":"FB_FPL_local_food_part2","FB_FL_local_food_name2":"FB_FL_local_food_name2","FB_FOL_date":"FB_FOL_date","FB_FL_local_food_name":"FB_FL_local_food_name","FB_duration":"FB_duration","FB_begin_feed_time":"FB_begin_feed_time","FB_FPL_local_food_part":"FB_FPL_local_food_part","FB_end_feed_time":"FB_end_feed_time","FB_local_food_name_written":"FB_local_food_name_written"}},"scan_HIV_Patient_Record":{"pathToKey":{"Other_comm_serv_image0":"Other_comm_serv_image0","GSM_number":"GSM_number","contentType":"Transf_from_HU_image0_contentType","Name_ANC_or_TB_clinic":"Name_ANC_or_TB_clinic","scan_output_directory":"scan_output_directory","Date_of_registration":"Date_of_registration","Transf_from_HU":"Transf_from_HU","TB_screen_image0":"TB_screen_image0","Name_ANC_or_TB_clinic_image0":"Name_ANC_or_TB_clinic_image0","TB_screen":"TB_screen","Clinical_serv_ref_for_image0":"Clinical_serv_ref_for_image0","Patient_name_image0":"Patient_name_image0","Care_adherence_edu_image0":"Care_adherence_edu_image0","Transf_from_HU_image0":"Transf_from_HU_image0","uriFragment":"Transf_from_HU_image0_uriFragment","Other_comm_serv":"Other_comm_serv","Other_clinical_serv_image0":"Other_clinical_serv_image0","Home_village":"Home_village","Clinical_serv_ref_for":"Clinical_serv_ref_for","STI_screen_image0":"STI_screen_image0","Patient_ID_image0":"Patient_ID_image0","Referred_from_other_image0":"Referred_from_other_image0","Home_village_image0":"Home_village_image0","Name_HU_transf_from":"Name_HU_transf_from","Name_HU_transf_from_image0":"Name_HU_transf_from_image0","Date_of_registration_image0":"Date_of_registration_image0","Patient_sex_image0":"Patient_sex_image0","Patient_DOB_image0":"Patient_DOB_image0","Comm_serv_referred_for":"Comm_serv_referred_for","Patient_name":"Patient_name","Referred_from_image0":"Referred_from_image0","STI_screen":"STI_screen","Patient_sex":"Patient_sex","Referred_from":"Referred_from","Comm_serv_referred_for_image0":"Comm_serv_referred_for_image0","Care_adherence_edu":"Care_adherence_edu","Referred_from_other":"Referred_from_other","Patient_ID":"Patient_ID","Other_clinical_serv":"Other_clinical_serv","GSM_number_image0":"GSM_number_image0","Patient_DOB":"Patient_DOB"},"pathToName":{"Other_comm_serv_image0_uriFragment":"uriFragment","Other_comm_serv_image0_contentType":"contentType","Name_ANC_or_TB_clinic":"Name_ANC_or_TB_clinic","Transf_from_HU":"Transf_from_HU","Name_HU_transf_from_image0_contentType":"contentType","Transf_from_HU_image0_uriFragment":"uriFragment","TB_screen_image0":"TB_screen_image0","Name_ANC_or_TB_clinic_image0":"Name_ANC_or_TB_clinic_image0","Comm_serv_referred_for_image0_uriFragment":"uriFragment","Clinical_serv_ref_for_image0":"Clinical_serv_ref_for_image0","Care_adherence_edu_image0":"Care_adherence_edu_image0","Patient_name_image0_contentType":"contentType","Other_clinical_serv_image0_uriFragment":"uriFragment","GSM_number_image0_contentType":"contentType","Home_village":"Home_village","Comm_serv_referred_for_image0_contentType":"contentType","Patient_ID_image0":"Patient_ID_image0","Home_village_image0":"Home_village_image0","Date_of_registration_image0_contentType":"contentType","Transf_from_HU_image0_contentType":"contentType","Patient_sex_image0":"Patient_sex_image0","Patient_DOB_image0":"Patient_DOB_image0","Patient_name":"Patient_name","Referred_from_image0_contentType":"contentType","Patient_sex":"Patient_sex","Referred_from":"Referred_from","Patient_sex_image0_contentType":"contentType","Care_adherence_edu_image0_contentType":"contentType","Care_adherence_edu":"Care_adherence_edu","Date_of_registration_image0_uriFragment":"uriFragment","Name_ANC_or_TB_clinic_image0_contentType":"contentType","Home_village_image0_uriFragment":"uriFragment","Clinical_serv_ref_for_image0_uriFragment":"uriFragment","GSM_number_image0_uriFragment":"uriFragment","GSM_number_image0":"GSM_number_image0","Other_clinical_serv_image0_contentType":"contentType","Patient_DOB":"Patient_DOB","Referred_from_other_image0_uriFragment":"uriFragment","Patient_sex_image0_uriFragment":"uriFragment","Other_comm_serv_image0":"Other_comm_serv_image0","Patient_name_image0_uriFragment":"uriFragment","GSM_number":"GSM_number","Name_HU_transf_from_image0_uriFragment":"uriFragment","scan_output_directory":"scan_output_directory","Date_of_registration":"Date_of_registration","STI_screen_image0_uriFragment":"uriFragment","Home_village_image0_contentType":"contentType","Referred_from_other_image0_contentType":"contentType","TB_screen":"TB_screen","Referred_from_image0_uriFragment":"uriFragment","TB_screen_image0_contentType":"contentType","Patient_name_image0":"Patient_name_image0","Patient_ID_image0_uriFragment":"uriFragment","Transf_from_HU_image0":"Transf_from_HU_image0","TB_screen_image0_uriFragment":"uriFragment","Patient_ID_image0_contentType":"contentType","Other_comm_serv":"Other_comm_serv","Other_clinical_serv_image0":"Other_clinical_serv_image0","Clinical_serv_ref_for":"Clinical_serv_ref_for","STI_screen_image0":"STI_screen_image0","Patient_DOB_image0_uriFragment":"uriFragment","Referred_from_other_image0":"Referred_from_other_image0","Name_HU_transf_from":"Name_HU_transf_from","Name_HU_transf_from_image0":"Name_HU_transf_from_image0","STI_screen_image0_contentType":"contentType","Date_of_registration_image0":"Date_of_registration_image0","Comm_serv_referred_for":"Comm_serv_referred_for","Referred_from_image0":"Referred_from_image0","Name_ANC_or_TB_clinic_image0_uriFragment":"uriFragment","Clinical_serv_ref_for_image0_contentType":"contentType","STI_screen":"STI_screen","Comm_serv_referred_for_image0":"Comm_serv_referred_for_image0","Patient_DOB_image0_contentType":"contentType","Referred_from_other":"Referred_from_other","Care_adherence_edu_image0_uriFragment":"uriFragment","Patient_ID":"Patient_ID","Other_clinical_serv":"Other_clinical_serv"},"defaultListFile":"tables/scan_HIV_Patient_Record/html/scan_HIV_Patient_Record_list.html","defaultDetailFile":"tables/scan_HIV_Patient_Record/html/scan_HIV_Patient_Record_detail.html"},"femaleClients":{"pathToKey":{"interviewer_init":"interviewer_init","complications_other":"complications_other","religion_other":"religion_other","employment":"employment","clinic_proximity":"clinic_proximity","child_curr_meds":"child_curr_meds","rel_end_reason":"rel_end_reason","child_meds":"child_meds","times_pregnant":"times_pregnant","delivery_assisted":"delivery_assisted","azt":"azt","religion":"religion","education_level":"education_level","refusal_reasons":"refusal_reasons","interviewer_id":"interviewer_id","age":"age","rel_end_study":"rel_end_study","baby_weight_now":"baby_weight_now","ccc":"ccc","labor_meds":"labor_meds","client_id":"client_id","living_children":"living_children","baby_alive_now":"baby_alive_now","art_duration":"art_duration","art":"art","hiv_tested":"hiv_tested","rel_change":"rel_change","ethnic_group_other":"ethnic_group_other","still_bf":"still_bf","test_location":"test_location","curr_relationship":"curr_relationship","items":"test_location_items","delivery_assisted_other":"delivery_assisted_other","prescr_meds":"prescr_meds","pregnant":"pregnant","delivery_date":"delivery_date","cd4_count":"cd4_count","meds_after_deliv":"meds_after_deliv","art_curr":"art_curr","partner_age":"partner_age","child_missed_doses":"child_missed_doses","baby_weight":"baby_weight","refusal_reasons_other":"refusal_reasons_other","baby_alive":"baby_alive","test_result":"test_result","delivery_location":"delivery_location","delivery_location_other":"delivery_location_other","date":"date","client_consent":"client_consent","cd4_known":"cd4_known","c_section":"c_section","gestational_age":"gestational_age","induced_labor":"induced_labor","bf_after_deliv":"bf_after_deliv","test_location_other":"test_location_other","employment_other":"employment_other","agree_screening":"agree_screening","randomization":"randomization","infant_test":"infant_test","Rel_OtherEnd":"Rel_OtherEnd","complications":"complications","bf_duration":"bf_duration","ethnic_group":"ethnic_group","rel_change_other":"rel_change_other","comments":"comments"},"pathToName":{"interviewer_init":"interviewer_init","complications_other":"complications_other","test_location_items":"items","religion_other":"religion_other","employment":"employment","clinic_proximity":"clinic_proximity","child_curr_meds":"child_curr_meds","rel_end_reason":"rel_end_reason","child_meds":"child_meds","times_pregnant":"times_pregnant","delivery_assisted":"delivery_assisted","azt":"azt","religion":"religion","education_level":"education_level","refusal_reasons":"refusal_reasons","rel_change_items":"items","interviewer_id":"interviewer_id","age":"age","rel_end_study":"rel_end_study","baby_weight_now":"baby_weight_now","ccc":"ccc","labor_meds":"labor_meds","client_id":"client_id","living_children":"living_children","refusal_reasons_items":"items","baby_alive_now":"baby_alive_now","art_duration":"art_duration","art":"art","hiv_tested":"hiv_tested","rel_change":"rel_change","ethnic_group_other":"ethnic_group_other","still_bf":"still_bf","test_location":"test_location","curr_relationship":"curr_relationship","delivery_assisted_other":"delivery_assisted_other","prescr_meds":"prescr_meds","pregnant":"pregnant","delivery_date":"delivery_date","cd4_count":"cd4_count","meds_after_deliv":"meds_after_deliv","art_curr":"art_curr","partner_age":"partner_age","child_missed_doses":"child_missed_doses","baby_weight":"baby_weight","refusal_reasons_other":"refusal_reasons_other","baby_alive":"baby_alive","complications_items":"items","test_result":"test_result","delivery_location":"delivery_location","delivery_location_other":"delivery_location_other","date":"date","client_consent":"client_consent","cd4_known":"cd4_known","c_section":"c_section","gestational_age":"gestational_age","rel_end_reason_items":"items","induced_labor":"induced_labor","bf_after_deliv":"bf_after_deliv","test_location_other":"test_location_other","employment_other":"employment_other","agree_screening":"agree_screening","randomization":"randomization","employment_items":"items","infant_test":"infant_test","Rel_OtherEnd":"Rel_OtherEnd","complications":"complications","bf_duration":"bf_duration","ethnic_group":"ethnic_group","rel_change_other":"rel_change_other","comments":"comments"}},"follow_arrival":{"pathToKey":{"FA_type_of_certainty":"FA_type_of_certainty","FA_time_end":"FA_time_end","FA_FOL_date":"FA_FOL_date","FA_type_of_nesting":"FA_type_of_nesting","FA_within_five_meters":"FA_within_five_meters","FA_seq_num":"FA_seq_num","FA_type_of_cycle":"FA_type_of_cycle","FA_FOL_B_focal_AnimID":"FA_FOL_B_focal_AnimID","FA_time_start":"FA_time_start","FA_B_arr_AnimID":"FA_B_arr_AnimID","FA_closest_to_focal":"FA_closest_to_focal","FA_duration_of_obs":"FA_duration_of_obs"},"pathToName":{"FA_type_of_certainty":"FA_type_of_certainty","FA_time_end":"FA_time_end","FA_FOL_date":"FA_FOL_date","FA_type_of_nesting":"FA_type_of_nesting","FA_within_five_meters":"FA_within_five_meters","FA_seq_num":"FA_seq_num","FA_type_of_cycle":"FA_type_of_cycle","FA_FOL_B_focal_AnimID":"FA_FOL_B_focal_AnimID","FA_time_start":"FA_time_start","FA_B_arr_AnimID":"FA_B_arr_AnimID","FA_closest_to_focal":"FA_closest_to_focal","FA_duration_of_obs":"FA_duration_of_obs"}},"maleClients":{"pathToKey":{"elisa_blood_drawn":"elisa_blood_drawn","religion_other":"religion_other","employment":"employment","preg_want_children":"preg_want_children","return_disc_retest":"return_disc_retest","refusal_reasons_other":"refusal_reasons_other","determine":"determine","advise_second":"advise_second","discordant":"discordant","test_result":"test_result","influences":"influences","pretest":"pretest","date":"date","client_consent":"client_consent","hiv_status":"hiv_status","religion":"religion","education_level":"education_level","refusal_reasons":"refusal_reasons","interviewer_id":"interviewer_id","age":"age","partner_want_children":"partner_want_children","ccc":"ccc","client_id":"client_id","unigold":"unigold","living_children":"living_children","living_children_enrolled_female":"living_children_enrolled_female","still_relationship":"still_relationship","curr_tmp":"curr_tmp","prescr_tmp":"prescr_tmp","employment_other":"employment_other","more_children":"more_children","ineligible_statement":"ineligible_statement","hiv_tested":"hiv_tested","agree_screening":"agree_screening","interviewerw_init":"interviewerw_init","ethnic_group_other":"ethnic_group_other","curr_relationship":"curr_relationship","items":"refusal_reasons_items","curr_taking_art":"curr_taking_art","prescr_art":"prescr_art","ethnic_group":"ethnic_group","influences_other":"influences_other","comments":"comments"},"pathToName":{"elisa_blood_drawn":"elisa_blood_drawn","religion_other":"religion_other","employment":"employment","preg_want_children":"preg_want_children","return_disc_retest":"return_disc_retest","refusal_reasons_other":"refusal_reasons_other","determine":"determine","advise_second":"advise_second","discordant":"discordant","test_result":"test_result","influences":"influences","pretest":"pretest","date":"date","client_consent":"client_consent","hiv_status":"hiv_status","religion":"religion","education_level":"education_level","refusal_reasons":"refusal_reasons","interviewer_id":"interviewer_id","age":"age","partner_want_children":"partner_want_children","ccc":"ccc","client_id":"client_id","unigold":"unigold","living_children":"living_children","refusal_reasons_items":"items","living_children_enrolled_female":"living_children_enrolled_female","still_relationship":"still_relationship","curr_tmp":"curr_tmp","prescr_tmp":"prescr_tmp","employment_other":"employment_other","more_children":"more_children","ineligible_statement":"ineligible_statement","hiv_tested":"hiv_tested","agree_screening":"agree_screening","interviewerw_init":"interviewerw_init","ethnic_group_other":"ethnic_group_other","employment_items":"items","curr_relationship":"curr_relationship","curr_taking_art":"curr_taking_art","prescr_art":"prescr_art","ethnic_group":"ethnic_group","influences_other":"influences_other","comments":"comments"}},"follow":{"pathToKey":{"FOL_month":"FOL_month","FOL_day":"FOL_day","FOL_duration":"FOL_duration","FOL_pm_observer2":"FOL_pm_observer2","FOL_date":"FOL_date","FOL_flag_begin_in_nest":"FOL_flag_begin_in_nest","FOL_pm_observer1":"FOL_pm_observer1","FOL_flag_end_in_nest":"FOL_flag_end_in_nest","FOL_study_code2":"FOL_study_code2","FOL_study_code1":"FOL_study_code1","FOL_year":"FOL_year","FOL_time_end":"FOL_time_end","FOL_CL_community_id":"FOL_CL_community_id","FOL_B_AnimID":"FOL_B_AnimID","FOL_distance_traveled":"FOL_distance_traveled","FOL_am_observer1":"FOL_am_observer1","FOL_time_begin":"FOL_time_begin","FOL_am_observer2":"FOL_am_observer2"},"pathToName":{"FOL_month":"FOL_month","FOL_day":"FOL_day","FOL_duration":"FOL_duration","FOL_pm_observer2":"FOL_pm_observer2","FOL_date":"FOL_date","FOL_flag_begin_in_nest":"FOL_flag_begin_in_nest","FOL_pm_observer1":"FOL_pm_observer1","FOL_flag_end_in_nest":"FOL_flag_end_in_nest","FOL_study_code2":"FOL_study_code2","FOL_study_code1":"FOL_study_code1","FOL_year":"FOL_year","FOL_time_end":"FOL_time_end","FOL_CL_community_id":"FOL_CL_community_id","FOL_B_AnimID":"FOL_B_AnimID","FOL_distance_traveled":"FOL_distance_traveled","FOL_am_observer1":"FOL_am_observer1","FOL_time_begin":"FOL_time_begin","FOL_am_observer2":"FOL_am_observer2"},"defaultListFile":"tables/follow/html/follow_list.html","defaultDetailFile":"tables/follow/html/follow_detail.html"},"scan_HIV_Visit_Record":{"pathToKey":{"screen_for_tb_image0":"screen_for_tb_image0","INH_treatment_status":"INH_treatment_status","GSM_num_image0":"GSM_num_image0","contentType":"screen_for_tb_image0_contentType","scan_output_directory":"scan_output_directory","CD4_count_image0":"CD4_count_image0","CD4_percent":"CD4_percent","date_of_record":"date_of_record","date_of_record_image0":"date_of_record_image0","TB_treatment_status_image0":"TB_treatment_status_image0","screen_for_tb":"screen_for_tb","WHO_stage":"WHO_stage","Name_HU_transferred_to":"Name_HU_transferred_to","INH_treatment_status_image0":"INH_treatment_status_image0","uriFragment":"screen_for_tb_image0_uriFragment","GSM_num":"GSM_num","patient_name":"patient_name","WHO_stage_image0":"WHO_stage_image0","CD4_count":"CD4_count","patient_name_image0":"patient_name_image0","CTZ_treatment_status":"CTZ_treatment_status","CTZ_treatment_status_image0":"CTZ_treatment_status_image0","patient_ID":"patient_ID","TB_treatment_status":"TB_treatment_status","date_next_visit":"date_next_visit","Name_HU_transferred_to_image0":"Name_HU_transferred_to_image0","CD4_percent_image0":"CD4_percent_image0","permanent_status":"permanent_status","patient_ID_image0":"patient_ID_image0","permanent_status_image0":"permanent_status_image0","date_next_visit_image0":"date_next_visit_image0"},"pathToName":{"screen_for_tb_image0":"screen_for_tb_image0","date_of_record_image0_uriFragment":"uriFragment","WHO_stage_image0_uriFragment":"uriFragment","CD4_percent_image0_uriFragment":"uriFragment","CD4_count_image0":"CD4_count_image0","screen_for_tb_image0_uriFragment":"uriFragment","WHO_stage":"WHO_stage","Name_HU_transferred_to":"Name_HU_transferred_to","GSM_num_image0_contentType":"contentType","CD4_count_image0_contentType":"contentType","GSM_num":"GSM_num","WHO_stage_image0":"WHO_stage_image0","CD4_count":"CD4_count","CTZ_treatment_status_image0_uriFragment":"uriFragment","CTZ_treatment_status":"CTZ_treatment_status","patient_name_image0_uriFragment":"uriFragment","date_of_record_image0_contentType":"contentType","date_next_visit_image0_uriFragment":"uriFragment","patient_ID":"patient_ID","TB_treatment_status":"TB_treatment_status","date_next_visit":"date_next_visit","Name_HU_transferred_to_image0_uriFragment":"uriFragment","Name_HU_transferred_to_image0":"Name_HU_transferred_to_image0","INH_treatment_status_image0_uriFragment":"uriFragment","CD4_count_image0_uriFragment":"uriFragment","date_next_visit_image0":"date_next_visit_image0","patient_ID_image0_uriFragment":"uriFragment","patient_ID_image0_contentType":"contentType","INH_treatment_status":"INH_treatment_status","GSM_num_image0":"GSM_num_image0","WHO_stage_image0_contentType":"contentType","scan_output_directory":"scan_output_directory","permanent_status_image0_uriFragment":"uriFragment","CD4_percent":"CD4_percent","date_of_record":"date_of_record","screen_for_tb_image0_contentType":"contentType","date_of_record_image0":"date_of_record_image0","TB_treatment_status_image0_contentType":"contentType","TB_treatment_status_image0":"TB_treatment_status_image0","screen_for_tb":"screen_for_tb","INH_treatment_status_image0":"INH_treatment_status_image0","Name_HU_transferred_to_image0_contentType":"contentType","patient_name":"patient_name","permanent_status_image0_contentType":"contentType","patient_name_image0":"patient_name_image0","date_next_visit_image0_contentType":"contentType","patient_name_image0_contentType":"contentType","INH_treatment_status_image0_contentType":"contentType","GSM_num_image0_uriFragment":"uriFragment","CTZ_treatment_status_image0":"CTZ_treatment_status_image0","TB_treatment_status_image0_uriFragment":"uriFragment","CTZ_treatment_status_image0_contentType":"contentType","CD4_percent_image0":"CD4_percent_image0","permanent_status":"permanent_status","patient_ID_image0":"patient_ID_image0","CD4_percent_image0_contentType":"contentType","permanent_status_image0":"permanent_status_image0"}},"Tea_inventory":{"pathToKey":{"Name":"Name","House_id":"House_id","Type_id":"Type_id","Loose_Leaf":"Loose_Leaf","Price_8oz":"Price_8oz","Cold":"Cold","Hot":"Hot","Price_16oz":"Price_16oz","Bags":"Bags","Price_12oz":"Price_12oz"},"pathToName":{"Name":"Name","House_id":"House_id","Type_id":"Type_id","Loose_Leaf":"Loose_Leaf","Price_8oz":"Price_8oz","Cold":"Cold","Hot":"Hot","Price_16oz":"Price_16oz","Bags":"Bags","Price_12oz":"Price_12oz"},"defaultListFile":"tables/Tea_inventory/html/Tea_inventory_list.html","defaultDetailFile":"tables/Tea_inventory/html/Tea_inventory_detail.html"},"Milk_bank":{"pathToKey":{"Temperature":"Temperature","Source":"Source","Procedure_id":"Procedure_id","Time":"Time"},"pathToName":{"Temperature":"Temperature","Source":"Source","Procedure_id":"Procedure_id","Time":"Time"}},"household":{"pathToKey":{"water":"water","items":"youngest_items","num_rooms":"num_rooms","location":"location","altitude":"location_altitude","household_id":"household_id","owner":"owner","youngest":"youngest","longitude":"location_longitude","electricity":"electricity","latitude":"location_latitude","accuracy":"location_accuracy"},"pathToName":{"water":"water","location_altitude":"altitude","location_accuracy":"accuracy","num_rooms":"num_rooms","location_longitude":"longitude","location":"location","household_id":"household_id","owner":"owner","youngest":"youngest","youngest_items":"items","electricity":"electricity","location_latitude":"latitude"}},"agriculture":{"pathToKey":{"soil_condition":"soil_condition","plot_name":"plot_name","Sample":"Sample","Date_and_Time":"Date_and_Time"},"pathToName":{"soil_condition":"soil_condition","plot_name":"plot_name","Sample":"Sample","Date_and_Time":"Date_and_Time"},"defaultListFile":"tables/agriculture/html/agriculture_list.html","defaultDetailFile":"tables/agriculture/html/agriculture_detail.html"},"scan_childvacc_822a_pg2":{"pathToKey":{"addtlvacc_1_initials":"addtlvacc_1_initials","opv0_dategiven_image0":"opv0_dategiven_image0","given_hepb0":"given_hepb0","given_addtlvacc_2_image0":"given_addtlvacc_2_image0","bcg_dategiven":"bcg_dategiven","given_addtlvacc_1":"given_addtlvacc_1","bcg_initials_image0":"bcg_initials_image0","addtlvacc_1_dategiven":"addtlvacc_1_dategiven","given_addtlvacc_2":"given_addtlvacc_2","contentType":"qr_patientcode_image0_contentType","given_bcg_image0":"given_bcg_image0","given_bcg":"given_bcg","scan_output_directory":"scan_output_directory","bcg_initials":"bcg_initials","addtlvacc_2_initials":"addtlvacc_2_initials","given_opv0_image0":"given_opv0_image0","bcg_dategiven_image0":"bcg_dategiven_image0","addtlvacc_2_name":"addtlvacc_2_name","addtlvacc_1_dategiven_image0":"addtlvacc_1_dategiven_image0","addtlvacc_2_name_image0":"addtlvacc_2_name_image0","addtlvacc_2_dategiven":"addtlvacc_2_dategiven","nextvaccination_at6weeks":"nextvaccination_at6weeks","nextvaccination_at6weeks_image0":"nextvaccination_at6weeks_image0","nurse_notes_image0":"nurse_notes_image0","opv0_initials_image0":"opv0_initials_image0","addtlvacc_2_dategiven_image0":"addtlvacc_2_dategiven_image0","uriFragment":"qr_patientcode_image0_uriFragment","hepb0_dategiven_image0":"hepb0_dategiven_image0","given_addtlvacc_1_image0":"given_addtlvacc_1_image0","opv0_initials":"opv0_initials","hepb0_initials_image0":"hepb0_initials_image0","given_opv0":"given_opv0","addtlvacc_1_initials_image0":"addtlvacc_1_initials_image0","hepb0_dategiven":"hepb0_dategiven","addtlvacc_1_name_image0":"addtlvacc_1_name_image0","nurse_notes":"nurse_notes","hepb0_initials":"hepb0_initials","given_hepb0_image0":"given_hepb0_image0","qr_patientcode_image0":"qr_patientcode_image0","opv0_dategiven":"opv0_dategiven","addtlvacc_2_initials_image0":"addtlvacc_2_initials_image0","qr_patientcode":"qr_patientcode","addtlvacc_1_name":"addtlvacc_1_name"},"pathToName":{"given_opv0_image0_contentType":"contentType","bcg_dategiven_image0_uriFragment":"uriFragment","qr_patientcode_image0_contentType":"contentType","given_hepb0":"given_hepb0","addtlvacc_2_name_image0_contentType":"contentType","bcg_dategiven":"bcg_dategiven","given_addtlvacc_1":"given_addtlvacc_1","bcg_initials_image0":"bcg_initials_image0","addtlvacc_1_dategiven":"addtlvacc_1_dategiven","hepb0_dategiven_image0_uriFragment":"uriFragment","given_addtlvacc_2":"given_addtlvacc_2","given_bcg_image0":"given_bcg_image0","given_addtlvacc_2_image0_contentType":"contentType","bcg_initials":"bcg_initials","given_opv0_image0":"given_opv0_image0","addtlvacc_2_name":"addtlvacc_2_name","addtlvacc_1_dategiven_image0":"addtlvacc_1_dategiven_image0","addtlvacc_2_name_image0":"addtlvacc_2_name_image0","qr_patientcode_image0_uriFragment":"uriFragment","given_bcg_image0_contentType":"contentType","addtlvacc_2_dategiven":"addtlvacc_2_dategiven","nextvaccination_at6weeks":"nextvaccination_at6weeks","nurse_notes_image0":"nurse_notes_image0","bcg_dategiven_image0_contentType":"contentType","opv0_initials_image0":"opv0_initials_image0","addtlvacc_2_dategiven_image0":"addtlvacc_2_dategiven_image0","hepb0_dategiven_image0":"hepb0_dategiven_image0","given_addtlvacc_1_image0":"given_addtlvacc_1_image0","addtlvacc_2_initials_image0_uriFragment":"uriFragment","opv0_initials":"opv0_initials","hepb0_initials_image0":"hepb0_initials_image0","hepb0_initials_image0_uriFragment":"uriFragment","addtlvacc_1_initials_image0":"addtlvacc_1_initials_image0","hepb0_initials_image0_contentType":"contentType","hepb0_dategiven":"hepb0_dategiven","given_hepb0_image0_contentType":"contentType","given_bcg_image0_uriFragment":"uriFragment","nextvaccination_at6weeks_image0_contentType":"contentType","nurse_notes":"nurse_notes","addtlvacc_1_name_image0_contentType":"contentType","addtlvacc_1_dategiven_image0_uriFragment":"uriFragment","given_hepb0_image0":"given_hepb0_image0","bcg_initials_image0_contentType":"contentType","addtlvacc_2_initials_image0_contentType":"contentType","opv0_initials_image0_uriFragment":"uriFragment","opv0_initials_image0_contentType":"contentType","qr_patientcode":"qr_patientcode","given_opv0_image0_uriFragment":"uriFragment","addtlvacc_1_name":"addtlvacc_1_name","hepb0_dategiven_image0_contentType":"contentType","opv0_dategiven_image0_uriFragment":"uriFragment","addtlvacc_1_initials":"addtlvacc_1_initials","opv0_dategiven_image0":"opv0_dategiven_image0","given_addtlvacc_2_image0":"given_addtlvacc_2_image0","given_bcg":"given_bcg","scan_output_directory":"scan_output_directory","bcg_initials_image0_uriFragment":"uriFragment","addtlvacc_2_initials":"addtlvacc_2_initials","given_addtlvacc_1_image0_contentType":"contentType","nurse_notes_image0_uriFragment":"uriFragment","bcg_dategiven_image0":"bcg_dategiven_image0","addtlvacc_2_name_image0_uriFragment":"uriFragment","nextvaccination_at6weeks_image0":"nextvaccination_at6weeks_image0","addtlvacc_2_dategiven_image0_uriFragment":"uriFragment","opv0_dategiven_image0_contentType":"contentType","nurse_notes_image0_contentType":"contentType","nextvaccination_at6weeks_image0_uriFragment":"uriFragment","given_addtlvacc_1_image0_uriFragment":"uriFragment","given_opv0":"given_opv0","addtlvacc_1_initials_image0_contentType":"contentType","addtlvacc_1_name_image0":"addtlvacc_1_name_image0","hepb0_initials":"hepb0_initials","given_hepb0_image0_uriFragment":"uriFragment","given_addtlvacc_2_image0_uriFragment":"uriFragment","addtlvacc_1_dategiven_image0_contentType":"contentType","qr_patientcode_image0":"qr_patientcode_image0","addtlvacc_1_name_image0_uriFragment":"uriFragment","opv0_dategiven":"opv0_dategiven","addtlvacc_2_initials_image0":"addtlvacc_2_initials_image0","addtlvacc_2_dategiven_image0_contentType":"contentType","addtlvacc_1_initials_image0_uriFragment":"uriFragment"}},"follow_map_time":{"pathToKey":{"FMT_fixed":"FMT_fixed","FMT_FMP_seq_num":"FMT_FMP_seq_num","FMT_FOL_foll_num":"FMT_FOL_foll_num","FMT_time":"FMT_time","FMT_notes":"FMT_notes","FMT_FOL_date":"FMT_FOL_date","FMT_FOL_B_focal_AnimID":"FMT_FOL_B_focal_AnimID"},"pathToName":{"FMT_fixed":"FMT_fixed","FMT_FMP_seq_num":"FMT_FMP_seq_num","FMT_FOL_foll_num":"FMT_FOL_foll_num","FMT_time":"FMT_time","FMT_notes":"FMT_notes","FMT_FOL_date":"FMT_FOL_date","FMT_FOL_B_focal_AnimID":"FMT_FOL_B_focal_AnimID"}},"Myna_birds":{"pathToKey":{"Temperature":"Temperature","State":"State","Day":"Day","Male_Myna_sightings":"Male_Myna_sightings","City":"City"},"pathToName":{"Temperature":"Temperature","State":"State","Day":"Day","Male_Myna_sightings":"Male_Myna_sightings","City":"City"}},"scan_childvacc_825_pg3":{"pathToKey":{"pcv1_initials":"pcv1_initials","opv1_initials":"opv1_initials","addtlvacc_1_initials":"addtlvacc_1_initials","rota1_initials_image0":"rota1_initials_image0","given_rota1":"given_rota1","penta1_initials":"penta1_initials","given_addtlvacc_2_image0":"given_addtlvacc_2_image0","given_addtlvacc_1":"given_addtlvacc_1","addtlvacc_1_dategiven":"addtlvacc_1_dategiven","given_addtlvacc_2":"given_addtlvacc_2","contentType":"rota1_initials_image0_contentType","scan_output_directory":"scan_output_directory","given_pcv1_image0":"given_pcv1_image0","pcv1_initials_image0":"pcv1_initials_image0","opv1_dategiven":"opv1_dategiven","addtlvacc_2_initials":"addtlvacc_2_initials","addtlvacc_2_name":"addtlvacc_2_name","addtlvacc_1_dategiven_image0":"addtlvacc_1_dategiven_image0","addtlvacc_2_name_image0":"addtlvacc_2_name_image0","pcv1_dategiven_image0":"pcv1_dategiven_image0","opv1_dategiven_image0":"opv1_dategiven_image0","rota1_initials":"rota1_initials","given_opv1_image0":"given_opv1_image0","addtlvacc_2_dategiven":"addtlvacc_2_dategiven","nurse_notes_image0":"nurse_notes_image0","addtlvacc_2_dategiven_image0":"addtlvacc_2_dategiven_image0","uriFragment":"rota1_initials_image0_uriFragment","penta1_dategiven":"penta1_dategiven","given_penta1_image0":"given_penta1_image0","nextvaccination_at10weeks_image0":"nextvaccination_at10weeks_image0","given_addtlvacc_1_image0":"given_addtlvacc_1_image0","rota1_dategiven_image0":"rota1_dategiven_image0","given_opv1":"given_opv1","addtlvacc_1_initials_image0":"addtlvacc_1_initials_image0","given_pcv1":"given_pcv1","addtlvacc_1_name_image0":"addtlvacc_1_name_image0","pcv1_dategiven":"pcv1_dategiven","opv1_initials_image0":"opv1_initials_image0","nurse_notes":"nurse_notes","nextvaccination_at10weeks":"nextvaccination_at10weeks","penta1_dategiven_image0":"penta1_dategiven_image0","qr_patientcode_image0":"qr_patientcode_image0","given_rota1_image0":"given_rota1_image0","given_penta1":"given_penta1","addtlvacc_2_initials_image0":"addtlvacc_2_initials_image0","penta1_initials_image0":"penta1_initials_image0","rota1_dategiven":"rota1_dategiven","qr_patientcode":"qr_patientcode","addtlvacc_1_name":"addtlvacc_1_name"},"pathToName":{"pcv1_initials":"pcv1_initials","qr_patientcode_image0_contentType":"contentType","given_rota1":"given_rota1","addtlvacc_2_name_image0_contentType":"contentType","given_addtlvacc_1":"given_addtlvacc_1","addtlvacc_1_dategiven":"addtlvacc_1_dategiven","given_addtlvacc_2":"given_addtlvacc_2","given_pcv1_image0":"given_pcv1_image0","given_addtlvacc_2_image0_contentType":"contentType","addtlvacc_2_name":"addtlvacc_2_name","addtlvacc_1_dategiven_image0":"addtlvacc_1_dategiven_image0","addtlvacc_2_name_image0":"addtlvacc_2_name_image0","pcv1_dategiven_image0":"pcv1_dategiven_image0","opv1_dategiven_image0_uriFragment":"uriFragment","opv1_dategiven_image0":"opv1_dategiven_image0","rota1_initials":"rota1_initials","given_pcv1_image0_uriFragment":"uriFragment","qr_patientcode_image0_uriFragment":"uriFragment","given_opv1_image0":"given_opv1_image0","addtlvacc_2_dategiven":"addtlvacc_2_dategiven","given_opv1_image0_uriFragment":"uriFragment","pcv1_dategiven_image0_contentType":"contentType","nurse_notes_image0":"nurse_notes_image0","rota1_dategiven_image0_uriFragment":"uriFragment","given_penta1_image0_contentType":"contentType","given_pcv1_image0_contentType":"contentType","pcv1_dategiven_image0_uriFragment":"uriFragment","addtlvacc_2_dategiven_image0":"addtlvacc_2_dategiven_image0","penta1_dategiven_image0_uriFragment":"uriFragment","nextvaccination_at10weeks_image0":"nextvaccination_at10weeks_image0","given_addtlvacc_1_image0":"given_addtlvacc_1_image0","rota1_dategiven_image0":"rota1_dategiven_image0","opv1_initials_image0_uriFragment":"uriFragment","addtlvacc_2_initials_image0_uriFragment":"uriFragment","addtlvacc_1_initials_image0":"addtlvacc_1_initials_image0","given_pcv1":"given_pcv1","opv1_initials_image0":"opv1_initials_image0","given_opv1_image0_contentType":"contentType","nurse_notes":"nurse_notes","addtlvacc_1_name_image0_contentType":"contentType","addtlvacc_1_dategiven_image0_uriFragment":"uriFragment","nextvaccination_at10weeks":"nextvaccination_at10weeks","rota1_dategiven_image0_contentType":"contentType","given_rota1_image0":"given_rota1_image0","given_penta1":"given_penta1","addtlvacc_2_initials_image0_contentType":"contentType","penta1_initials_image0":"penta1_initials_image0","rota1_dategiven":"rota1_dategiven","qr_patientcode":"qr_patientcode","addtlvacc_1_name":"addtlvacc_1_name","opv1_initials":"opv1_initials","addtlvacc_1_initials":"addtlvacc_1_initials","nextvaccination_at10weeks_image0_contentType":"contentType","rota1_initials_image0":"rota1_initials_image0","opv1_dategiven_image0_contentType":"contentType","penta1_initials":"penta1_initials","given_addtlvacc_2_image0":"given_addtlvacc_2_image0","rota1_initials_image0_uriFragment":"uriFragment","nextvaccination_at10weeks_image0_uriFragment":"uriFragment","scan_output_directory":"scan_output_directory","pcv1_initials_image0":"pcv1_initials_image0","opv1_dategiven":"opv1_dategiven","addtlvacc_2_initials":"addtlvacc_2_initials","given_addtlvacc_1_image0_contentType":"contentType","nurse_notes_image0_uriFragment":"uriFragment","given_rota1_image0_contentType":"contentType","addtlvacc_2_name_image0_uriFragment":"uriFragment","penta1_dategiven_image0_contentType":"contentType","given_rota1_image0_uriFragment":"uriFragment","addtlvacc_2_dategiven_image0_uriFragment":"uriFragment","pcv1_initials_image0_uriFragment":"uriFragment","penta1_dategiven":"penta1_dategiven","given_penta1_image0":"given_penta1_image0","pcv1_initials_image0_contentType":"contentType","penta1_initials_image0_contentType":"contentType","nurse_notes_image0_contentType":"contentType","given_opv1":"given_opv1","given_addtlvacc_1_image0_uriFragment":"uriFragment","addtlvacc_1_initials_image0_contentType":"contentType","addtlvacc_1_name_image0":"addtlvacc_1_name_image0","pcv1_dategiven":"pcv1_dategiven","opv1_initials_image0_contentType":"contentType","given_addtlvacc_2_image0_uriFragment":"uriFragment","addtlvacc_1_dategiven_image0_contentType":"contentType","penta1_dategiven_image0":"penta1_dategiven_image0","rota1_initials_image0_contentType":"contentType","penta1_initials_image0_uriFragment":"uriFragment","qr_patientcode_image0":"qr_patientcode_image0","given_penta1_image0_uriFragment":"uriFragment","addtlvacc_1_name_image0_uriFragment":"uriFragment","addtlvacc_2_initials_image0":"addtlvacc_2_initials_image0","addtlvacc_2_dategiven_image0_contentType":"contentType","addtlvacc_1_initials_image0_uriFragment":"uriFragment"}},"scan_childvacc_825_pg4":{"pathToKey":{"pcv2_initials_image0":"pcv2_initials_image0","given_opv2_image0":"given_opv2_image0","addtlvacc_1_initials":"addtlvacc_1_initials","rota2_initials":"rota2_initials","given_addtlvacc_2_image0":"given_addtlvacc_2_image0","given_addtlvacc_1":"given_addtlvacc_1","addtlvacc_1_dategiven":"addtlvacc_1_dategiven","given_rota2":"given_rota2","given_addtlvacc_2":"given_addtlvacc_2","contentType":"rota2_initials_image0_contentType","scan_output_directory":"scan_output_directory","pcv2_dategiven_image0":"pcv2_dategiven_image0","opv2_initials":"opv2_initials","addtlvacc_2_initials":"addtlvacc_2_initials","addtlvacc_2_name":"addtlvacc_2_name","addtlvacc_1_dategiven_image0":"addtlvacc_1_dategiven_image0","addtlvacc_2_name_image0":"addtlvacc_2_name_image0","penta2_dategiven_image0":"penta2_dategiven_image0","addtlvacc_2_dategiven":"addtlvacc_2_dategiven","nurse_notes_image0":"nurse_notes_image0","addtlvacc_2_dategiven_image0":"addtlvacc_2_dategiven_image0","penta2_initials_image0":"penta2_initials_image0","uriFragment":"rota2_initials_image0_uriFragment","given_addtlvacc_1_image0":"given_addtlvacc_1_image0","penta2_dategiven":"penta2_dategiven","nextvaccination_at14weeks_image0":"nextvaccination_at14weeks_image0","given_opv2":"given_opv2","addtlvacc_1_initials_image0":"addtlvacc_1_initials_image0","given_penta2_image0":"given_penta2_image0","addtlvacc_1_name_image0":"addtlvacc_1_name_image0","given_pcv2":"given_pcv2","nurse_notes":"nurse_notes","opv2_dategiven_image0":"opv2_dategiven_image0","penta2_initials":"penta2_initials","pcv2_dategiven":"pcv2_dategiven","rota2_dategiven_image0":"rota2_dategiven_image0","given_pcv2_image0":"given_pcv2_image0","opv2_initials_image0":"opv2_initials_image0","given_rota2_image0":"given_rota2_image0","rota2_dategiven":"rota2_dategiven","qr_patientcode_image0":"qr_patientcode_image0","nextvaccination_at14weeks":"nextvaccination_at14weeks","rota2_initials_image0":"rota2_initials_image0","addtlvacc_2_initials_image0":"addtlvacc_2_initials_image0","pcv2_initials":"pcv2_initials","qr_patientcode":"qr_patientcode","opv2_dategiven":"opv2_dategiven","given_penta2":"given_penta2","addtlvacc_1_name":"addtlvacc_1_name"},"pathToName":{"given_opv2_image0":"given_opv2_image0","rota2_dategiven_image0_uriFragment":"uriFragment","given_penta2_image0_uriFragment":"uriFragment","qr_patientcode_image0_contentType":"contentType","given_pcv2_image0_uriFragment":"uriFragment","addtlvacc_2_name_image0_contentType":"contentType","rota2_initials":"rota2_initials","given_addtlvacc_1":"given_addtlvacc_1","addtlvacc_1_dategiven":"addtlvacc_1_dategiven","given_rota2":"given_rota2","given_addtlvacc_2":"given_addtlvacc_2","pcv2_dategiven_image0":"pcv2_dategiven_image0","opv2_initials":"opv2_initials","given_addtlvacc_2_image0_contentType":"contentType","addtlvacc_2_name":"addtlvacc_2_name","addtlvacc_1_dategiven_image0":"addtlvacc_1_dategiven_image0","addtlvacc_2_name_image0":"addtlvacc_2_name_image0","penta2_dategiven_image0":"penta2_dategiven_image0","qr_patientcode_image0_uriFragment":"uriFragment","addtlvacc_2_dategiven":"addtlvacc_2_dategiven","penta2_dategiven_image0_uriFragment":"uriFragment","nurse_notes_image0":"nurse_notes_image0","addtlvacc_2_dategiven_image0":"addtlvacc_2_dategiven_image0","rota2_dategiven_image0_contentType":"contentType","pcv2_dategiven_image0_contentType":"contentType","given_addtlvacc_1_image0":"given_addtlvacc_1_image0","penta2_dategiven":"penta2_dategiven","addtlvacc_2_initials_image0_uriFragment":"uriFragment","given_rota2_image0_uriFragment":"uriFragment","addtlvacc_1_initials_image0":"addtlvacc_1_initials_image0","given_penta2_image0":"given_penta2_image0","given_pcv2":"given_pcv2","nurse_notes":"nurse_notes","addtlvacc_1_name_image0_contentType":"contentType","addtlvacc_1_dategiven_image0_uriFragment":"uriFragment","penta2_initials":"penta2_initials","rota2_dategiven_image0":"rota2_dategiven_image0","nextvaccination_at14weeks_image0_contentType":"contentType","given_pcv2_image0":"given_pcv2_image0","nextvaccination_at14weeks":"nextvaccination_at14weeks","addtlvacc_2_initials_image0_contentType":"contentType","rota2_initials_image0":"rota2_initials_image0","qr_patientcode":"qr_patientcode","given_penta2":"given_penta2","addtlvacc_1_name":"addtlvacc_1_name","pcv2_initials_image0_uriFragment":"uriFragment","pcv2_initials_image0":"pcv2_initials_image0","addtlvacc_1_initials":"addtlvacc_1_initials","given_pcv2_image0_contentType":"contentType","given_addtlvacc_2_image0":"given_addtlvacc_2_image0","scan_output_directory":"scan_output_directory","opv2_initials_image0_contentType":"contentType","addtlvacc_2_initials":"addtlvacc_2_initials","nextvaccination_at14weeks_image0_uriFragment":"uriFragment","given_addtlvacc_1_image0_contentType":"contentType","nurse_notes_image0_uriFragment":"uriFragment","pcv2_dategiven_image0_uriFragment":"uriFragment","addtlvacc_2_name_image0_uriFragment":"uriFragment","penta2_initials_image0_contentType":"contentType","given_penta2_image0_contentType":"contentType","addtlvacc_2_dategiven_image0_uriFragment":"uriFragment","pcv2_initials_image0_contentType":"contentType","penta2_initials_image0":"penta2_initials_image0","penta2_dategiven_image0_contentType":"contentType","opv2_initials_image0_uriFragment":"uriFragment","nurse_notes_image0_contentType":"contentType","nextvaccination_at14weeks_image0":"nextvaccination_at14weeks_image0","given_opv2":"given_opv2","given_addtlvacc_1_image0_uriFragment":"uriFragment","given_rota2_image0_contentType":"contentType","addtlvacc_1_initials_image0_contentType":"contentType","penta2_initials_image0_uriFragment":"uriFragment","opv2_dategiven_image0_contentType":"contentType","addtlvacc_1_name_image0":"addtlvacc_1_name_image0","opv2_dategiven_image0":"opv2_dategiven_image0","opv2_dategiven_image0_uriFragment":"uriFragment","pcv2_dategiven":"pcv2_dategiven","rota2_initials_image0_contentType":"contentType","given_opv2_image0_uriFragment":"uriFragment","given_addtlvacc_2_image0_uriFragment":"uriFragment","addtlvacc_1_dategiven_image0_contentType":"contentType","opv2_initials_image0":"opv2_initials_image0","given_rota2_image0":"given_rota2_image0","given_opv2_image0_contentType":"contentType","rota2_initials_image0_uriFragment":"uriFragment","rota2_dategiven":"rota2_dategiven","qr_patientcode_image0":"qr_patientcode_image0","addtlvacc_1_name_image0_uriFragment":"uriFragment","addtlvacc_2_initials_image0":"addtlvacc_2_initials_image0","pcv2_initials":"pcv2_initials","addtlvacc_2_dategiven_image0_contentType":"contentType","addtlvacc_1_initials_image0_uriFragment":"uriFragment","opv2_dategiven":"opv2_dategiven"}},"follow_map_position":{"pathToKey":{"FMP_FOL_date":"FMP_FOL_date","FMP_seq_num":"FMP_seq_num","FMP_meters_to_next_seq_num":"FMP_meters_to_next_seq_num","FMP_xcoord":"FMP_xcoord","FMP_community_id":"FMP_community_id","FMP_xcoord_old":"FMP_xcoord_old","FMP_FOL_B_focal_AnimID":"FMP_FOL_B_focal_AnimID","FMP_ycoord":"FMP_ycoord","FMP_ycoord_old":"FMP_ycoord_old"},"pathToName":{"FMP_FOL_date":"FMP_FOL_date","FMP_seq_num":"FMP_seq_num","FMP_meters_to_next_seq_num":"FMP_meters_to_next_seq_num","FMP_xcoord":"FMP_xcoord","FMP_community_id":"FMP_community_id","FMP_xcoord_old":"FMP_xcoord_old","FMP_FOL_B_focal_AnimID":"FMP_FOL_B_focal_AnimID","FMP_ycoord":"FMP_ycoord","FMP_ycoord_old":"FMP_ycoord_old"}},"Tea_types":{"pathToKey":{"Name":"Name","Fermented":"Fermented","Type_id":"Type_id","Origin":"Origin","Caffeinated":"Caffeinated"},"pathToName":{"Name":"Name","Fermented":"Fermented","Type_id":"Type_id","Origin":"Origin","Caffeinated":"Caffeinated"},"defaultListFile":"tables/Tea_types/html/Tea_types_list.html","defaultDetailFile":"tables/Tea_types/html/Tea_types_detail.html"},"household_member":{"pathToKey":{"water":"water","school_type":"school_type","sex":"sex","num_rooms":"num_rooms","location":"location","write_language":"write_language","altitude":"location_altitude","attend_school":"attend_school","post_secondary":"post_secondary","income_contribution":"income_contribution","items":"youngest_items","currently_school":"currently_school","household_id":"household_id","name":"name","age":"age","owner":"owner","youngest":"youngest","longitude":"location_longitude","electricity":"electricity","latitude":"location_latitude","accuracy":"location_accuracy","grade_level":"grade_level"},"pathToName":{"water":"water","school_type":"school_type","sex":"sex","num_rooms":"num_rooms","location_longitude":"longitude","location":"location","write_language":"write_language","attend_school":"attend_school","youngest_items":"items","post_secondary":"post_secondary","income_contribution":"income_contribution","location_altitude":"altitude","location_accuracy":"accuracy","school_type_items":"items","currently_school":"currently_school","household_id":"household_id","name":"name","age":"age","owner":"owner","youngest":"youngest","electricity":"electricity","grade_level":"grade_level","location_latitude":"latitude"}},"selects_demo":{"pathToKey":{"region":"region","uriFragment":"picture_uriFragment","country_csv":"country_csv","sex":"sex","weight":"weight","location":"location","altitude":"location_altitude","contentType":"picture_contentType","secondaryColor":"secondaryColor","confirmTeal":"confirmTeal","picture":"picture","bird":"bird","user_name":"user_name","items":"secondaryColor_items","color":"color","age":"age","longitude":"location_longitude","latitude":"location_latitude","unExpectedColor":"unExpectedColor","accuracy":"location_accuracy"},"pathToName":{"region":"region","country_csv":"country_csv","sex":"sex","weight":"weight","location_longitude":"longitude","location":"location","picture_contentType":"contentType","secondaryColor":"secondaryColor","picture_uriFragment":"uriFragment","confirmTeal":"confirmTeal","picture":"picture","bird":"bird","user_name":"user_name","location_altitude":"altitude","location_accuracy":"accuracy","color":"color","age":"age","unExpectedColor":"unExpectedColor","location_latitude":"latitude","secondaryColor_items":"items"}},"geopoints":{"pathToKey":{"description":"description","altitude":"coordinates_altitude","longitude":"coordinates_longitude","transportation_mode_other":"transportation_mode_other","latitude":"coordinates_latitude","client_id":"client_id","accuracy":"coordinates_accuracy","step":"step","coordinates":"coordinates","transportation_mode":"transportation_mode"},"pathToName":{"coordinates_accuracy":"accuracy","coordinates_altitude":"altitude","description":"description","transportation_mode_other":"transportation_mode_other","client_id":"client_id","step":"step","coordinates_longitude":"longitude","coordinates_latitude":"latitude","coordinates":"coordinates","transportation_mode":"transportation_mode"}},"scan_childvacc_822_pg1":{"pathToKey":{"fathersname_image0":"fathersname_image0","sex":"sex","village_image0":"village_image0","state":"state","housenum_image0":"housenum_image0","Child_name":"Child_name","mom_gsm_image0":"mom_gsm_image0","contentType":"ward_image0_contentType","city_image0":"city_image0","Child_patient_ID_image0":"Child_patient_ID_image0","scan_output_directory":"scan_output_directory","patient_QRcode":"patient_QRcode","lga_image0":"lga_image0","fathersname":"fathersname","patient_QRcode_image0":"patient_QRcode_image0","city":"city","Emergency_contact":"Emergency_contact","village":"village","mothersname":"mothersname","uriFragment":"ward_image0_uriFragment","Emergency_contact_image0":"Emergency_contact_image0","dad_gsm":"dad_gsm","dad_gsm_image0":"dad_gsm_image0","reasonsforcare":"reasonsforcare","Child_DOB":"Child_DOB","mom_gsm":"mom_gsm","sex_image0":"sex_image0","Child_DOB_image0":"Child_DOB_image0","state_image0":"state_image0","Child_name_image0":"Child_name_image0","Birth_weight":"Birth_weight","reasonsforcare_image0":"reasonsforcare_image0","Birth_weight_image0":"Birth_weight_image0","ward":"ward","ward_image0":"ward_image0","mothersname_image0":"mothersname_image0","lga":"lga","Child_patient_ID":"Child_patient_ID","housenum":"housenum"},"pathToName":{"village_image0":"village_image0","Child_name_image0_contentType":"contentType","reasonsforcare_image0_uriFragment":"uriFragment","reasonsforcare_image0_contentType":"contentType","Child_name":"Child_name","state_image0_uriFragment":"uriFragment","mom_gsm_image0":"mom_gsm_image0","Child_patient_ID_image0":"Child_patient_ID_image0","lga_image0":"lga_image0","fathersname":"fathersname","city":"city","Emergency_contact_image0_contentType":"contentType","village":"village","sex_image0_contentType":"contentType","mothersname":"mothersname","Birth_weight_image0_contentType":"contentType","fathersname_image0_contentType":"contentType","dad_gsm_image0_contentType":"contentType","city_image0_uriFragment":"uriFragment","ward_image0_uriFragment":"uriFragment","Emergency_contact_image0":"Emergency_contact_image0","dad_gsm":"dad_gsm","reasonsforcare":"reasonsforcare","Child_DOB":"Child_DOB","mom_gsm":"mom_gsm","lga_image0_uriFragment":"uriFragment","village_image0_contentType":"contentType","state_image0":"state_image0","patient_QRcode_image0_contentType":"contentType","Child_name_image0":"Child_name_image0","Birth_weight":"Birth_weight","patient_QRcode_image0_uriFragment":"uriFragment","Birth_weight_image0":"Birth_weight_image0","sex_image0_uriFragment":"uriFragment","ward":"ward","village_image0_uriFragment":"uriFragment","Child_patient_ID_image0_contentType":"contentType","Child_DOB_image0_uriFragment":"uriFragment","Child_DOB_image0_contentType":"contentType","lga":"lga","fathersname_image0":"fathersname_image0","sex":"sex","state":"state","housenum_image0":"housenum_image0","housenum_image0_uriFragment":"uriFragment","Emergency_contact_image0_uriFragment":"uriFragment","city_image0":"city_image0","scan_output_directory":"scan_output_directory","patient_QRcode":"patient_QRcode","patient_QRcode_image0":"patient_QRcode_image0","dad_gsm_image0_uriFragment":"uriFragment","ward_image0_contentType":"contentType","Emergency_contact":"Emergency_contact","city_image0_contentType":"contentType","state_image0_contentType":"contentType","housenum_image0_contentType":"contentType","Child_name_image0_uriFragment":"uriFragment","mom_gsm_image0_contentType":"contentType","dad_gsm_image0":"dad_gsm_image0","Birth_weight_image0_uriFragment":"uriFragment","sex_image0":"sex_image0","Child_DOB_image0":"Child_DOB_image0","mothersname_image0_uriFragment":"uriFragment","mothersname_image0_contentType":"contentType","reasonsforcare_image0":"reasonsforcare_image0","Child_patient_ID_image0_uriFragment":"uriFragment","ward_image0":"ward_image0","lga_image0_contentType":"contentType","mom_gsm_image0_uriFragment":"uriFragment","fathersname_image0_uriFragment":"uriFragment","mothersname_image0":"mothersname_image0","Child_patient_ID":"Child_patient_ID","housenum":"housenum"},"defaultListFile":"tables/scan_childvacc_822_pg1/html/scan_childvacc_822_pg1_list.html","defaultDetailFile":"tables/scan_childvacc_822_pg1/html/scan_childvacc_822_pg1_detail.html"},"mating_event":{"pathToKey":{"M_FOL_date":"M_FOL_date","M_time":"M_time","M_interference":"M_interference","M_fem_swelling":"M_fem_swelling","M_fail_flag":"M_fail_flag","M_comments":"M_comments","M_mate_guard_flag":"M_mate_guard_flag","M_male":"M_male","M_female":"M_female","M_consort_flag":"M_consort_flag","M_FOL_B_focal_AnimID":"M_FOL_B_focal_AnimID"},"pathToName":{"M_FOL_date":"M_FOL_date","M_time":"M_time","M_interference":"M_interference","M_fem_swelling":"M_fem_swelling","M_fail_flag":"M_fail_flag","M_comments":"M_comments","M_mate_guard_flag":"M_mate_guard_flag","M_male":"M_male","M_female":"M_female","M_consort_flag":"M_consort_flag","M_FOL_B_focal_AnimID":"M_FOL_B_focal_AnimID"}}},"tableIdToDisplayName":{"other_species":"Other Species","groom_bout":"Groom Bout","geotagger":"Geotagger","Tea_houses_editable":"Tea houses editable","visit":"Plot Visits","Tea_houses":"Tea houses","exampleForm":"Example Form","scan_example":"scan_example","plot":"Plot","food_bout":"Food Bout","scan_HIV_Patient_Record":"scan_HIV_Patient_Record","femaleClients":"Female All Fields","follow_arrival":"Follow Arrival","maleClients":"All Partner Form Fields","follow":"Follow","scan_HIV_Visit_Record":"scan_HIV_Visit_Record","Tea_inventory":"Tea inventory","Milk_bank":"Milk bank","household":"Household Survey","agriculture":"Agriculture","scan_childvacc_822a_pg2":"scan_childvacc_822a_pg2","follow_map_time":"Follow Map Time","Myna_birds":"Myna birds","scan_childvacc_825_pg3":"scan_childvacc_825_pg3","scan_childvacc_825_pg4":"scan_childvacc_825_pg4","follow_map_position":"Follow Map Position","Tea_types":"Tea types","household_member":"Household Members","selects_demo":"Select Demo Examples","geopoints":"Home Locator","scan_childvacc_822_pg1":"scan_childvacc_822_pg1","mating_event":"Mating Event"}}