{"data":[{"age":"22","client_id":"18716","randomization":"HOPE"},{"age":"18","client_id":"91817","randomization":"Control"},{"age":"19","client_id":"71196","randomization":"HOPE"},{"age":"20","client_id":"44176","randomization":"Control"},{"age":"21","client_id":"91078","randomization":"HOPE"},{"age":"23","client_id":"69189","randomization":"Control"},{"age":"25","client_id":"12197","randomization":"HOPE"},{"age":"20","client_id":"28876","randomization":"Control"},{"age":"14","client_id":"17698","randomization":"HOPE"},{"age":"19","client_id":"44778","randomization":"Control"}],"columnData":{"interviewer_init":[null,null,null,null,null,null,null,null,null,null],"complications_other":[null,null,null,null,null,null,null,null,null,null],"child_curr_meds":[null,null,null,null,null,null,null,null,null,null],"clinic_proximity":[null,null,null,null,null,null,null,null,null,null],"employment":[null,null,null,null,null,null,null,null,null,null],"religion_other":[null,null,null,null,null,null,null,null,null,null],"rel_end_reason":[null,null,null,null,null,null,null,null,null,null],"child_meds":[null,null,null,null,null,null,null,null,null,null],"delivery_assisted":[null,null,null,null,null,null,null,null,null,null],"times_pregnant":[null,null,null,null,null,null,null,null,null,null],"azt":[null,null,null,null,null,null,null,null,null,null],"education_level":[null,null,null,null,null,null,null,null,null,null],"religion":[null,null,null,null,null,null,null,null,null,null],"refusal_reasons":[null,null,null,null,null,null,null,null,null,null],"age":["22","18","19","20","21","23","25","20","14","19"],"interviewer_id":[null,null,null,null,null,null,null,null,null,null],"rel_end_study":[null,null,null,null,null,null,null,null,null,null],"baby_weight_now":[null,null,null,null,null,null,null,null,null,null],"ccc":[null,null,null,null,null,null,null,null,null,null],"client_id":["18716","91817","71196","44176","91078","69189","12197","28876","17698","44778"],"labor_meds":[null,null,null,null,null,null,null,null,null,null],"living_children":[null,null,null,null,null,null,null,null,null,null],"baby_alive_now":[null,null,null,null,null,null,null,null,null,null],"art_duration":[null,null,null,null,null,null,null,null,null,null],"art":[null,null,null,null,null,null,null,null,null,null],"hiv_tested":[null,null,null,null,null,null,null,null,null,null],"rel_change":[null,null,null,null,null,null,null,null,null,null],"ethnic_group_other":[null,null,null,null,null,null,null,null,null,null],"still_bf":[null,null,null,null,null,null,null,null,null,null],"test_location":[null,null,null,null,null,null,null,null,null,null],"curr_relationship":[null,null,null,null,null,null,null,null,null,null],"delivery_assisted_other":[null,null,null,null,null,null,null,null,null,null],"pregnant":[null,null,null,null,null,null,null,null,null,null],"prescr_meds":[null,null,null,null,null,null,null,null,null,null],"delivery_date":[null,null,null,null,null,null,null,null,null,null],"cd4_count":[null,null,null,null,null,null,null,null,null,null],"meds_after_deliv":[null,null,null,null,null,null,null,null,null,null],"art_curr":[null,null,null,null,null,null,null,null,null,null],"baby_weight":[null,null,null,null,null,null,null,null,null,null],"child_missed_doses":[null,null,null,null,null,null,null,null,null,null],"partner_age":[null,null,null,null,null,null,null,null,null,null],"baby_alive":[null,null,null,null,null,null,null,null,null,null],"refusal_reasons_other":[null,null,null,null,null,null,null,null,null,null],"delivery_location":[null,null,null,null,null,null,null,null,null,null],"test_result":[null,null,null,null,null,null,null,null,null,null],"cd4_known":[null,null,null,null,null,null,null,null,null,null],"client_consent":[null,null,null,null,null,null,null,null,null,null],"date":[null,null,null,null,null,null,null,null,null,null],"delivery_location_other":[null,null,null,null,null,null,null,null,null,null],"c_section":[null,null,null,null,null,null,null,null,null,null],"gestational_age":[null,null,null,null,null,null,null,null,null,null],"induced_labor":[null,null,null,null,null,null,null,null,null,null],"bf_after_deliv":[null,null,null,null,null,null,null,null,null,null],"employment_other":[null,null,null,null,null,null,null,null,null,null],"test_location_other":[null,null,null,null,null,null,null,null,null,null],"agree_screening":[null,null,null,null,null,null,null,null,null,null],"randomization":["HOPE","Control","HOPE","Control","HOPE","Control","HOPE","Control","HOPE","Control"],"infant_test":[null,null,null,null,null,null,null,null,null,null],"Rel_OtherEnd":[null,null,null,null,null,null,null,null,null,null],"bf_duration":[null,null,null,null,null,null,null,null,null,null],"complications":[null,null,null,null,null,null,null,null,null,null],"ethnic_group":[null,null,null,null,null,null,null,null,null,null],"rel_change_other":[null,null,null,null,null,null,null,null,null,null],"comments":[null,null,null,null,null,null,null,null,null,null]},"columns":{"interviewer_init":"String","complications_other":"String","test_location_items":"String","religion_other":"String","employment":"Array","clinic_proximity":"String","child_curr_meds":"String","rel_end_reason":"Array","child_meds":"String","times_pregnant":"Integer","delivery_assisted":"String","azt":"String","religion":"String","education_level":"String","refusal_reasons":"Array","rel_change_items":"String","interviewer_id":"Integer","age":"Integer","rel_end_study":"String","baby_weight_now":"Number","ccc":"String","labor_meds":"String","client_id":"Integer","living_children":"Integer","refusal_reasons_items":"String","baby_alive_now":"String","art_duration":"String","art":"String","hiv_tested":"String","rel_change":"Array","ethnic_group_other":"String","still_bf":"String","test_location":"Array","curr_relationship":"String","delivery_assisted_other":"String","prescr_meds":"String","pregnant":"String","delivery_date":"Date","cd4_count":"Integer","meds_after_deliv":"String","art_curr":"String","partner_age":"Integer","child_missed_doses":"String","baby_weight":"Number","refusal_reasons_other":"String","baby_alive":"String","complications_items":"String","test_result":"String","delivery_location":"String","delivery_location_other":"String","date":"Date","client_consent":"String","cd4_known":"String","c_section":"String","gestational_age":"Integer","rel_end_reason_items":"String","induced_labor":"String","bf_after_deliv":"String","test_location_other":"String","employment_other":"String","agree_screening":"String","randomization":"String","employment_items":"String","infant_test":"String","Rel_OtherEnd":"String","complications":"Array","bf_duration":"Integer","ethnic_group":"String","rel_change_other":"String","comments":"String"},"rowIds":["906c2b4f-b9d2-4aa1-bbb0-e754d66325ff","1acac700-c87e-4e81-a671-b6ed1db0d7fc","eb3f37b5-cada-4faf-bd60-04ec64cdaebf","1da82cfd-b4c3-42a7-a918-a73a38e03bce","f835f7be-1832-460e-ba85-d615ab7e8e45","1d13bff4-5b33-4ec6-bca1-e2209f2ce446","bbda8ef4-8714-4b20-9a8b-eba40378bb69","9cb8c725-3b8d-4d4b-b7b6-82ec566f9586","78f7d09f-fe57-4ef9-954d-61c4bb7ad4bf","f9432932-929f-4c48-b7e7-cdeb282a82e7"],"count":10,"tableId":"femaleClients","isGroupedBy":false}