{"data":[{"FOL_day":"3","FOL_month":"8","FOL_duration":"82","FOL_date":"8/3/2014","FOL_pm_observer2":"Gaetano","FOL_flag_begin_in_nest":"yes","FOL_flag_end_in_nest":"yes","FOL_pm_observer1":"Nicki","FOL_study_code2":"N/A","FOL_study_code1":"N/A","FOL_time_end":"12:45","FOL_year":"2014","FOL_CL_community_id":"Africa","FOL_B_AnimID":"SDB","FOL_distance_traveled":"15","FOL_am_observer1":"Sam","FOL_am_observer2":"Clarice","FOL_time_begin":"11:23"}],"columnData":{"FOL_day":["3"],"FOL_month":["8"],"FOL_duration":["82"],"FOL_date":["8/3/2014"],"FOL_pm_observer2":["Gaetano"],"FOL_flag_begin_in_nest":["yes"],"FOL_flag_end_in_nest":["yes"],"FOL_pm_observer1":["Nicki"],"FOL_study_code2":["N/A"],"FOL_study_code1":["N/A"],"FOL_time_end":["12:45"],"FOL_year":["2014"],"FOL_CL_community_id":["Africa"],"FOL_B_AnimID":["SDB"],"FOL_distance_traveled":["15"],"FOL_am_observer1":["Sam"],"FOL_am_observer2":["Clarice"],"FOL_time_begin":["11:23"]},"columns":{"FOL_month":"Integer","FOL_day":"Integer","FOL_duration":"Integer","FOL_pm_observer2":"String","FOL_date":"String","FOL_flag_begin_in_nest":"String","FOL_pm_observer1":"String","FOL_flag_end_in_nest":"String","FOL_study_code2":"String","FOL_study_code1":"String","FOL_year":"Integer","FOL_time_end":"String","FOL_CL_community_id":"String","FOL_B_AnimID":"String","FOL_distance_traveled":"Integer","FOL_am_observer1":"String","FOL_time_begin":"String","FOL_am_observer2":"String"},"rowIds":["uuid:b4cf9377-c889-4698-9c2c-33681d946f66"],"count":1,"tableId":"follow","isGroupedBy":false}