{"data":[],"columnData":{"FMP_FOL_date":[],"FMP_meters_to_next_seq_num":[],"FMP_seq_num":[],"FMP_community_id":[],"FMP_xcoord":[],"FMP_FOL_B_focal_AnimID":[],"FMP_xcoord_old":[],"FMP_ycoord":[],"FMP_ycoord_old":[]},"columns":{"FMP_FOL_date":"String","FMP_seq_num":"Integer","FMP_meters_to_next_seq_num":"Integer","FMP_xcoord":"Integer","FMP_community_id":"String","FMP_xcoord_old":"Integer","FMP_FOL_B_focal_AnimID":"String","FMP_ycoord":"Integer","FMP_ycoord_old":"Integer"},"rowIds":[],"count":0,"tableId":"follow_map_position","isGroupedBy":false}