{"data":[],"columnData":{"FA_type_of_certainty":[],"FA_FOL_date":[],"FA_time_end":[],"FA_type_of_nesting":[],"FA_seq_num":[],"FA_within_five_meters":[],"FA_FOL_B_focal_AnimID":[],"FA_type_of_cycle":[],"FA_time_start":[],"FA_B_arr_AnimID":[],"FA_closest_to_focal":[],"FA_duration_of_obs":[]},"columns":{"FA_type_of_certainty":"Integer","FA_time_end":"String","FA_FOL_date":"String","FA_type_of_nesting":"Integer","FA_within_five_meters":"Integer","FA_seq_num":"Integer","FA_type_of_cycle":"String","FA_FOL_B_focal_AnimID":"String","FA_time_start":"String","FA_B_arr_AnimID":"String","FA_closest_to_focal":"Integer","FA_duration_of_obs":"Integer"},"rowIds":[],"count":0,"tableId":"follow_arrival","isGroupedBy":false}