{"data":[],"columnData":{"FB_FOL_B_AnimID":[],"FB_local_food_part_written":[],"FB_FPL_local_food_part2":[],"FB_FL_local_food_name2":[],"FB_FL_local_food_name":[],"FB_FOL_date":[],"FB_duration":[],"FB_begin_feed_time":[],"FB_FPL_local_food_part":[],"FB_end_feed_time":[],"FB_local_food_name_written":[]},"columns":{"FB_local_food_part_written":"String","FB_FOL_B_AnimID":"String","FB_FPL_local_food_part2":"String","FB_FL_local_food_name2":"String","FB_FOL_date":"String","FB_FL_local_food_name":"String","FB_duration":"Integer","FB_begin_feed_time":"String","FB_FPL_local_food_part":"String","FB_end_feed_time":"String","FB_local_food_name_written":"String"},"rowIds":[],"count":0,"tableId":"food_bout","isGroupedBy":false}