{"data":[{"coordinates_accuracy":"23.07299995","coordinates_altitude":"0.0","description":"Office","client_id":"11111","coordinates_latitude":"47.6535939","coordinates_longitude":"-122.3056717","step":"1","transportation_mode":"Walk"},{"coordinates_accuracy":"21.89800072","coordinates_altitude":"0.0","description":"Sidewalk","client_id":"11111","coordinates_latitude":"47.6535677","coordinates_longitude":"-122.3056343","step":"2","transportation_mode":"Tuk-tuk"},{"coordinates_accuracy":"12.0","coordinates_altitude":"25.60460667","description":"HUB","client_id":"18716","coordinates_latitude":"47.65457715","coordinates_longitude":"-122.3053232","step":"1","transportation_mode":"Walk"},{"coordinates_accuracy":"6.0","coordinates_altitude":"18.23471268","description":"down steps","client_id":"18716","coordinates_latitude":"47.65507311","coordinates_longitude":"-122.3031725","step":"2","transportation_mode":"Walk"},{"coordinates_accuracy":"8.0","coordinates_altitude":"-1.77206386","description":"by bridge","client_id":"18716","coordinates_latitude":"47.65316561","coordinates_longitude":"-122.303723","step":"3","transportation_mode":"Tuk-tuk"},{"coordinates_accuracy":"8.0","coordinates_altitude":"48.03474547","description":"intersection","client_id":"18716","coordinates_latitude":"47.65278523","coordinates_longitude":"-122.3058249","step":"4","transportation_mode":"Walk"},{"coordinates_accuracy":"16.0","coordinates_altitude":"63.44658875","description":"fountain","client_id":"18716","coordinates_latitude":"47.65347359","coordinates_longitude":"-122.3075468","step":"5","transportation_mode":"Walk"}],"columnData":{"coordinates_accuracy":["23.07299995","21.89800072","12.0","6.0","8.0","8.0","16.0"],"coordinates_altitude":["0.0","0.0","25.60460667","18.23471268","-1.77206386","48.03474547","63.44658875"],"description":["Office","Sidewalk","HUB","down steps","by bridge","intersection","fountain"],"client_id":["11111","11111","18716","18716","18716","18716","18716"],"transportation_mode_other":[null,null,null,null,null,null,null],"coordinates_latitude":["47.6535939","47.6535677","47.65457715","47.65507311","47.65316561","47.65278523","47.65347359"],"coordinates_longitude":["-122.3056717","-122.3056343","-122.3053232","-122.3031725","-122.303723","-122.3058249","-122.3075468"],"step":["1","2","1","2","3","4","5"],"transportation_mode":["Walk","Tuk-tuk","Walk","Walk","Tuk-tuk","Walk","Walk"]},"columns":{"coordinates_accuracy":"Number","coordinates_altitude":"Number","description":"String","transportation_mode_other":"String","client_id":"Integer","step":"String","coordinates_longitude":"Number","coordinates_latitude":"Number","coordinates":"Geopoint","transportation_mode":"String"},"rowIds":["uuid:06a1d40f-8339-4962-a804-e8507dc60fd4","uuid:8ba5d1b5-a561-49a9-b753-002a63b95863","uuid:8b1a8c2e-db47-46c7-8221-9d38b6ff738a","uuid:8b939986-f915-4f47-85da-17223e9764bf","uuid:11740828-4bd7-4558-88d2-09fe9ef6997d","uuid:3fcd4713-11c8-4f3a-bfec-0e6e8c169f6a","uuid:17c87220-4249-4acf-8940-b0d636d74532"],"count":7,"tableId":"geopoints","isGroupedBy":false}