{"data":[{"Description":"The Ave","Location_latitude":"47.65824883","Image_uriFragment":"1372313521315.jpg","Date_and_Time":"2012-11-30T15:06:00.000000000","Image_contentType":"image/jpg","Location_longitude":"-122.3131459"},{"Description":"!Kite hill... Gasworks","Location_latitude":"47.64540379","Image_uriFragment":"1372313489416.jpg","Date_and_Time":"2012-11-30T15:05:00.000000000","Image_contentType":"image/jpg","Location_longitude":"-122.3363659"},{"Description":"Greenwood","Location_latitude":"47.68999464","Image_uriFragment":"1372313541853.jpg","Date_and_Time":"2012-11-30T15:06:00.000000000","Image_contentType":"image/jpg","Location_longitude":"-122.3554331"},{"Description":"HUB construction","Location_latitude":"47.65434975","Image_uriFragment":"1372310172364.jpg","Date_and_Time":"2012-11-30T15:04:00.000000000","Image_contentType":"image/jpg","Location_longitude":"-122.3049898"},{"Description":"Upper Fremont","Location_latitude":"47.6611747","Image_uriFragment":"1372313563853.jpg","Date_and_Time":"2012-11-30T15:07:00.000000000","Image_contentType":"image/jpg","Location_longitude":"-122.3501364"},{"Description":"Phinney Ridge","Location_latitude":"47.66801164","Image_uriFragment":"1372313591953.jpg","Date_and_Time":"2012-11-30T15:07:00.000000000","Image_contentType":"image/jpg","Location_longitude":"-122.3553749"},{"Description":"Greenlake","Location_latitude":"47.68088862","Image_uriFragment":"1372313630167.jpg","Date_and_Time":"2012-11-30T15:06:00.000000000","Image_contentType":"image/jpg","Location_longitude":"-122.3291259"},{"Description":"Ravenna Park","Location_latitude":"47.66945725","Image_uriFragment":"1372313654254.jpg","Date_and_Time":"2012-11-30T15:06:00.000000000","Image_contentType":"image/jpg","Location_longitude":"-122.3036042"},{"Description":"Foot of Latona","Location_latitude":"47.65335942","Image_uriFragment":"1372313680911.jpg","Date_and_Time":"2012-11-30T15:05:00.000000000","Image_contentType":"image/jpg","Location_longitude":"-122.3255423"},{"Description":"Chandler\u0027s Cove","Location_latitude":"47.62708792","Image_uriFragment":"1372313744030.jpg","Date_and_Time":"2012-11-30T15:05:00.000000000","Image_contentType":"image/jpg","Location_longitude":"-122.3327497"}],"columnData":{"Location_accuracy":[null,null,null,null,null,null,null,null,null,null],"Description":["The Ave","!Kite hill... Gasworks","Greenwood","HUB construction","Upper Fremont","Phinney Ridge","Greenlake","Ravenna Park","Foot of Latona","Chandler\u0027s Cove"],"Location_latitude":["47.65824883","47.64540379","47.68999464","47.65434975","47.6611747","47.66801164","47.68088862","47.66945725","47.65335942","47.62708792"],"Image_uriFragment":["1372313521315.jpg","1372313489416.jpg","1372313541853.jpg","1372310172364.jpg","1372313563853.jpg","1372313591953.jpg","1372313630167.jpg","1372313654254.jpg","1372313680911.jpg","1372313744030.jpg"],"Date_and_Time":["2012-11-30T15:06:00.000000000","2012-11-30T15:05:00.000000000","2012-11-30T15:06:00.000000000","2012-11-30T15:04:00.000000000","2012-11-30T15:07:00.000000000","2012-11-30T15:07:00.000000000","2012-11-30T15:06:00.000000000","2012-11-30T15:06:00.000000000","2012-11-30T15:05:00.000000000","2012-11-30T15:05:00.000000000"],"Location_altitude":[null,null,null,null,null,null,null,null,null,null],"Image_contentType":["image/jpg","image/jpg","image/jpg","image/jpg","image/jpg","image/jpg","image/jpg","image/jpg","image/jpg","image/jpg"],"Location_longitude":["-122.3131459","-122.3363659","-122.3554331","-122.3049898","-122.3501364","-122.3553749","-122.3291259","-122.3036042","-122.3255423","-122.3327497"]},"columns":{"Location_accuracy":"Number","Description":"String","Image":"ImageUri","Location_latitude":"Number","Location":"Geopoint","Image_uriFragment":"Rowpath","Location_altitude":"Number","Date_and_Time":"DateTime","Image_contentType":"String","Location_longitude":"Number"},"rowIds":["4acac34a-5be6-44da-bf3c-ea0b4f6cee29","c348df6b-f14d-429a-b921-778269bb7f74","1f9e6f19-c50a-4436-9328-1d70cdb73493","4f45da6e-2084-4c75-900f-f777d7619324","822406fd-cd06-41c6-9a2d-9da056f91438","b42608c3-9d9a-4cc0-a75e-fb9a9fa1cb44","86034682-580e-42c2-ad62-f354f8ff7e63","6ff26ab9-7c7f-47c6-a088-5ce975b1b878","8c05b82a-f931-4de6-8227-e39c9ee004a3","a29165ec-9420-43b8-9b74-57ead2aad7aa"],"count":10,"tableId":"geotagger","isGroupedBy":false}