{"data":[],"columnData":{"GRM_B_partner_AnimID":[],"GRM_dur":[],"GRM_time_begin":[],"GRM_direction":[],"GRM_time_certainty":[],"GRM_FOL_date":[],"GRM_time_end":[],"GRM_other_partners":[],"GRM_FOL_B_focal_AnimID":[]},"columns":{"GRM_time_begin":"String","GRM_dur":"Integer","GRM_B_partner_AnimID":"String","GRM_direction":"String","GRM_time_certainty":"String","GRM_FOL_date":"String","GRM_time_end":"String","GRM_other_partners":"String","GRM_FOL_B_focal_AnimID":"String"},"rowIds":[],"count":0,"tableId":"groom_bout","isGroupedBy":false}