{"data":[],"columnData":{"water":[],"location_accuracy":[],"location_altitude":[],"location_longitude":[],"num_rooms":[],"household_id":[],"owner":[],"youngest":[],"electricity":[],"location_latitude":[]},"columns":{"water":"String","location_altitude":"Number","location_accuracy":"Number","num_rooms":"Integer","location_longitude":"Number","location":"Geopoint","household_id":"String","owner":"String","youngest":"Array","youngest_items":"String","electricity":"String","location_latitude":"Number"},"rowIds":[],"count":0,"tableId":"household","isGroupedBy":false}