{"data":[],"columnData":{"school_type":[],"water":[],"sex":[],"location_longitude":[],"num_rooms":[],"write_language":[],"attend_school":[],"post_secondary":[],"income_contribution":[],"location_accuracy":[],"location_altitude":[],"currently_school":[],"household_id":[],"age":[],"name":[],"owner":[],"youngest":[],"electricity":[],"grade_level":[],"location_latitude":[]},"columns":{"water":"String","school_type":"Array","sex":"String","num_rooms":"Integer","location_longitude":"Number","location":"Geopoint","write_language":"String","attend_school":"String","youngest_items":"String","post_secondary":"String","income_contribution":"String","location_altitude":"Number","location_accuracy":"Number","school_type_items":"String","currently_school":"String","household_id":"String","name":"String","age":"Integer","owner":"String","youngest":"Array","electricity":"String","grade_level":"String","location_latitude":"Number"},"rowIds":[],"count":0,"tableId":"household_member","isGroupedBy":false}