{"data":[{"employment":"[\"a0\",\"a2\"]","test_result":"a1","client_consent":"a0","date":"2014-05-22T19:00:00.000000000","education_level":"a2","religion":"a7","refusal_reasons":"[\"a1\"]","age":"22","interviewer_id":"1","client_id":"18716","living_children":"1","living_children_enrolled_female":"2","hiv_tested":"a1","agree_screening":"a1","interviewerw_init":"SS","curr_relationship":"a1","ethnic_group":"a1"},{"employment":"[\"a0\",\"a2\"]","test_result":"a1","client_consent":"a1","date":"2014-05-22T19:00:00.000000001","education_level":"a2","religion":"a7","refusal_reasons":"[\"a1\"]","age":"18","interviewer_id":"2","client_id":"91817","living_children":"1","living_children_enrolled_female":"2","hiv_tested":"a1","agree_screening":"a2","interviewerw_init":"SS","ethnic_group":"a1"},{"employment":"[\"a0\",\"a2\"]","test_result":"a1","client_consent":"a2","date":"2014-05-22T19:00:00.000000002","education_level":"a2","religion":"a7","refusal_reasons":"[\"a1\"]","age":"19","interviewer_id":"3","client_id":"71196","living_children":"1","living_children_enrolled_female":"2","hiv_tested":"a1","agree_screening":"a3","interviewerw_init":"SS","ethnic_group":"a1"},{"employment":"[\"a0\",\"a2\"]","test_result":"a1","client_consent":"a3","date":"2014-05-22T19:00:00.000000003","education_level":"a2","religion":"a7","refusal_reasons":"[\"a1\"]","age":"20","interviewer_id":"4","client_id":"44176","living_children":"1","living_children_enrolled_female":"2","hiv_tested":"a1","agree_screening":"a4","interviewerw_init":"SS","ethnic_group":"a1"},{"employment":"[\"a0\",\"a2\"]","test_result":"a1","client_consent":"a4","date":"2014-05-22T19:00:00.000000004","education_level":"a2","religion":"a7","refusal_reasons":"[\"a1\"]","age":"21","interviewer_id":"5","client_id":"91078","living_children":"1","living_children_enrolled_female":"2","hiv_tested":"a1","agree_screening":"a5","interviewerw_init":"SS","ethnic_group":"a1"},{"employment":"[\"a0\",\"a2\"]","test_result":"a1","client_consent":"a5","date":"2014-05-22T19:00:00.000000005","education_level":"a2","religion":"a7","refusal_reasons":"[\"a1\"]","age":"23","interviewer_id":"6","client_id":"69189","living_children":"1","living_children_enrolled_female":"2","hiv_tested":"a1","agree_screening":"a6","interviewerw_init":"SS","ethnic_group":"a1"},{"employment":"[\"a0\",\"a2\"]","test_result":"a1","client_consent":"a6","date":"2014-05-22T19:00:00.000000006","education_level":"a2","religion":"a7","refusal_reasons":"[\"a1\"]","age":"25","interviewer_id":"7","client_id":"12197","living_children":"1","living_children_enrolled_female":"2","hiv_tested":"a1","agree_screening":"a7","interviewerw_init":"SS","ethnic_group":"a1"},{"employment":"[\"a0\",\"a2\"]","test_result":"a1","client_consent":"a7","date":"2014-05-22T19:00:00.000000007","education_level":"a2","religion":"a7","refusal_reasons":"[\"a1\"]","age":"20","interviewer_id":"8","client_id":"28876","living_children":"1","living_children_enrolled_female":"2","hiv_tested":"a1","agree_screening":"a8","interviewerw_init":"SS","ethnic_group":"a1"},{"employment":"[\"a0\",\"a2\"]","test_result":"a1","client_consent":"a8","date":"2014-05-22T19:00:00.000000008","education_level":"a2","religion":"a7","refusal_reasons":"[\"a1\"]","age":"14","interviewer_id":"9","client_id":"17698","living_children":"1","living_children_enrolled_female":"2","hiv_tested":"a1","agree_screening":"a9","interviewerw_init":"SS","ethnic_group":"a1"},{"employment":"[\"a0\",\"a2\"]","test_result":"a1","client_consent":"a9","date":"2014-05-22T19:00:00.000000009","education_level":"a2","religion":"a7","refusal_reasons":"[\"a1\"]","age":"19","interviewer_id":"10","client_id":"44778","living_children":"1","living_children_enrolled_female":"2","hiv_tested":"a1","agree_screening":"a10","interviewerw_init":"SS","ethnic_group":"a1"}],"columnData":{"elisa_blood_drawn":[null,null,null,null,null,null,null,null,null,null],"employment":["[\"a0\",\"a2\"]","[\"a0\",\"a2\"]","[\"a0\",\"a2\"]","[\"a0\",\"a2\"]","[\"a0\",\"a2\"]","[\"a0\",\"a2\"]","[\"a0\",\"a2\"]","[\"a0\",\"a2\"]","[\"a0\",\"a2\"]","[\"a0\",\"a2\"]"],"religion_other":[null,null,null,null,null,null,null,null,null,null],"preg_want_children":[null,null,null,null,null,null,null,null,null,null],"advise_second":[null,null,null,null,null,null,null,null,null,null],"determine":[null,null,null,null,null,null,null,null,null,null],"refusal_reasons_other":[null,null,null,null,null,null,null,null,null,null],"return_disc_retest":[null,null,null,null,null,null,null,null,null,null],"discordant":[null,null,null,null,null,null,null,null,null,null],"influences":[null,null,null,null,null,null,null,null,null,null],"test_result":["a1","a1","a1","a1","a1","a1","a1","a1","a1","a1"],"client_consent":["a0","a1","a2","a3","a4","a5","a6","a7","a8","a9"],"date":["2014-05-22T19:00:00.000000000","2014-05-22T19:00:00.000000001","2014-05-22T19:00:00.000000002","2014-05-22T19:00:00.000000003","2014-05-22T19:00:00.000000004","2014-05-22T19:00:00.000000005","2014-05-22T19:00:00.000000006","2014-05-22T19:00:00.000000007","2014-05-22T19:00:00.000000008","2014-05-22T19:00:00.000000009"],"pretest":[null,null,null,null,null,null,null,null,null,null],"hiv_status":[null,null,null,null,null,null,null,null,null,null],"education_level":["a2","a2","a2","a2","a2","a2","a2","a2","a2","a2"],"religion":["a7","a7","a7","a7","a7","a7","a7","a7","a7","a7"],"refusal_reasons":["[\"a1\"]","[\"a1\"]","[\"a1\"]","[\"a1\"]","[\"a1\"]","[\"a1\"]","[\"a1\"]","[\"a1\"]","[\"a1\"]","[\"a1\"]"],"age":["22","18","19","20","21","23","25","20","14","19"],"interviewer_id":["1","2","3","4","5","6","7","8","9","10"],"partner_want_children":[null,null,null,null,null,null,null,null,null,null],"ccc":[null,null,null,null,null,null,null,null,null,null],"client_id":["18716","91817","71196","44176","91078","69189","12197","28876","17698","44778"],"living_children":["1","1","1","1","1","1","1","1","1","1"],"unigold":[null,null,null,null,null,null,null,null,null,null],"living_children_enrolled_female":["2","2","2","2","2","2","2","2","2","2"],"curr_tmp":[null,null,null,null,null,null,null,null,null,null],"still_relationship":[null,null,null,null,null,null,null,null,null,null],"prescr_tmp":[null,null,null,null,null,null,null,null,null,null],"employment_other":[null,null,null,null,null,null,null,null,null,null],"more_children":[null,null,null,null,null,null,null,null,null,null],"ineligible_statement":[null,null,null,null,null,null,null,null,null,null],"hiv_tested":["a1","a1","a1","a1","a1","a1","a1","a1","a1","a1"],"agree_screening":["a1","a2","a3","a4","a5","a6","a7","a8","a9","a10"],"ethnic_group_other":[null,null,null,null,null,null,null,null,null,null],"interviewerw_init":["SS","SS","SS","SS","SS","SS","SS","SS","SS","SS"],"curr_relationship":["a1",null,null,null,null,null,null,null,null,null],"curr_taking_art":[null,null,null,null,null,null,null,null,null,null],"ethnic_group":["a1","a1","a1","a1","a1","a1","a1","a1","a1","a1"],"prescr_art":[null,null,null,null,null,null,null,null,null,null],"influences_other":[null,null,null,null,null,null,null,null,null,null],"comments":[null,null,null,null,null,null,null,null,null,null]},"columns":{"elisa_blood_drawn":"String","religion_other":"String","employment":"Array","preg_want_children":"String","return_disc_retest":"String","refusal_reasons_other":"String","determine":"String","advise_second":"String","discordant":"String","test_result":"String","influences":"String","pretest":"String","date":"Date","client_consent":"String","hiv_status":"String","religion":"String","education_level":"String","refusal_reasons":"Array","interviewer_id":"Integer","age":"Integer","partner_want_children":"String","ccc":"String","client_id":"Integer","unigold":"String","living_children":"Integer","refusal_reasons_items":"String","living_children_enrolled_female":"Integer","still_relationship":"String","curr_tmp":"String","prescr_tmp":"String","employment_other":"String","more_children":"String","ineligible_statement":"String","hiv_tested":"String","agree_screening":"String","interviewerw_init":"String","ethnic_group_other":"String","employment_items":"String","curr_relationship":"String","curr_taking_art":"String","prescr_art":"String","ethnic_group":"String","influences_other":"String","comments":"String"},"rowIds":["6f867592-42fa-44c4-97be-e3159878701e","80d63acf-d3ac-4bd8-9fcf-fd2e027a61dc","fc3a471f-ca52-46e8-aea6-17fe987fa549","d6d6a730-42f5-4df7-9e06-96517a4ec8cd","b95c26eb-9ce9-4a3b-a2e1-52f051714cef","82ba04e7-5d9d-4f16-bca6-d1b65f6817d5","7dc9e42e-cd14-4840-9203-6527234143c0","235bd20e-a703-4d44-a827-fd56a1929f27","1e480c8b-21e3-4840-95db-963d5a018196","25f52674-6f0e-4165-902f-7b0959e93fee"],"count":10,"tableId":"maleClients","isGroupedBy":false}