{"data":[],"columnData":{"M_FOL_date":[],"M_time":[],"M_interference":[],"M_comments":[],"M_fail_flag":[],"M_fem_swelling":[],"M_mate_guard_flag":[],"M_male":[],"M_female":[],"M_consort_flag":[],"M_FOL_B_focal_AnimID":[]},"columns":{"M_FOL_date":"String","M_time":"String","M_interference":"String","M_fem_swelling":"String","M_fail_flag":"String","M_comments":"String","M_mate_guard_flag":"String","M_male":"String","M_female":"String","M_consort_flag":"String","M_FOL_B_focal_AnimID":"String"},"rowIds":[],"count":0,"tableId":"mating_event","isGroupedBy":false}