{"data":[],"columnData":{"OS_OSL_local_species_name":[],"OS_FOL_date":[],"OS_time_begin":[],"OS_time_end":[],"OS_duration":[],"OS_comments":[],"OS_local_species_name_written":[],"OS_FOL_B_focal_AnimID":[]},"columns":{"OS_OSL_local_species_name":"String","OS_FOL_date":"String","OS_time_begin":"String","OS_time_end":"String","OS_duration":"Integer","OS_comments":"String","OS_local_species_name_written":"String","OS_FOL_B_focal_AnimID":"String"},"rowIds":[],"count":0,"tableId":"other_species","isGroupedBy":false}