{"data":[{"location_accuracy":"15.0","location_altitude":"45.0","planting":"bean","plot_name":"Rosario","location_longitude":"-122.3131459","location_latitude":"47.65824883"},{"location_accuracy":"10.0","location_altitude":"23.0","planting":"bean","plot_name":"Miraflores","location_longitude":"-122.3363659","location_latitude":"47.64540379"},{"location_accuracy":"5.0","location_altitude":"50.0","planting":"corn","plot_name":"Puerto Madero","location_longitude":"-122.3554331","location_latitude":"47.68999464"},{"location_accuracy":"7.0","location_altitude":"22.0","planting":"corn","plot_name":"Palermo","location_longitude":"-122.3049898","location_latitude":"47.65434975"},{"location_accuracy":"15.0","location_altitude":"5.0","planting":"cotton","plot_name":"La Boca","location_longitude":"-122.3501364","location_latitude":"47.6611747"}],"columnData":{"location_accuracy":["15.0","10.0","5.0","7.0","15.0"],"location_altitude":["45.0","23.0","50.0","22.0","5.0"],"planting":["bean","bean","corn","corn","cotton"],"plot_name":["Rosario","Miraflores","Puerto Madero","Palermo","La Boca"],"location_longitude":["-122.3131459","-122.3363659","-122.3554331","-122.3049898","-122.3501364"],"location_latitude":["47.65824883","47.64540379","47.68999464","47.65434975","47.6611747"]},"columns":{"plot_name":"String","planting":"String","location_altitude":"Number","location_accuracy":"Number","location_longitude":"Number","location":"Geopoint","location_latitude":"Number"},"rowIds":["1","2","3","4","5"],"count":5,"tableId":"plot","isGroupedBy":false}