{"data":[],"columnData":{"comments_image0_uriFragment":[],"address_image0_contentType":[],"comments_image0_contentType":[],"roomNum_image0_contentType":[],"sat_chores":[],"scan_output_directory":[],"tues_chores":[],"fri_chores_image0_contentType":[],"stay_image0_contentType":[],"fri_chores_image0_uriFragment":[],"name":[],"name_image0_uriFragment":[],"roomNum":[],"thurs_chores_image0_contentType":[],"sun_chores_image0_contentType":[],"qrcode_image0_uriFragment":[],"qrcode_image0_contentType":[],"mon_chores_image0_uriFragment":[],"mon_chores_image0_contentType":[],"wed_chores_image0_uriFragment":[],"stay":[],"mon_chores":[],"fri_chores":[],"wed_chores":[],"roomNum_image0_uriFragment":[],"sat_chores_image0_contentType":[],"tues_chores_image0_uriFragment":[],"wed_chores_image0_contentType":[],"address_image0_uriFragment":[],"name_image0_contentType":[],"stay_image0_uriFragment":[],"sat_chores_image0_uriFragment":[],"tues_chores_image0_contentType":[],"address":[],"qrcode":[],"thurs_chores":[],"sun_chores_image0_uriFragment":[],"thurs_chores_image0_uriFragment":[],"comments":[],"sun_chores":[]},"columns":{"address_image0_contentType":"String","sat_chores":"String","tues_chores":"String","stay_image0_contentType":"String","fri_chores_image0_contentType":"String","tues_chores_image0":"MimeUri","qrcode_image0_contentType":"String","mon_chores_image0_uriFragment":"Rowpath","mon_chores_image0":"MimeUri","wed_chores_image0_uriFragment":"Rowpath","sat_chores_image0":"MimeUri","name_image0":"MimeUri","mon_chores":"String","qrcode_image0":"MimeUri","address_image0":"MimeUri","wed_chores_image0":"MimeUri","roomNum_image0_uriFragment":"Rowpath","wed_chores_image0_contentType":"String","stay_image0_uriFragment":"Rowpath","name_image0_contentType":"String","sun_chores_image0":"MimeUri","sat_chores_image0_uriFragment":"Rowpath","qrcode":"String","sun_chores_image0_uriFragment":"Rowpath","comments_image0_uriFragment":"Rowpath","comments_image0_contentType":"String","roomNum_image0_contentType":"String","thurs_chores_image0":"MimeUri","stay_image0":"MimeUri","roomNum_image0":"MimeUri","scan_output_directory":"String","fri_chores_image0_uriFragment":"Rowpath","comments_image0":"MimeUri","thurs_chores_image0_contentType":"String","roomNum":"Integer","name_image0_uriFragment":"Rowpath","name":"String","sun_chores_image0_contentType":"String","qrcode_image0_uriFragment":"Rowpath","mon_chores_image0_contentType":"String","fri_chores_image0":"MimeUri","stay":"Integer","fri_chores":"String","wed_chores":"String","sat_chores_image0_contentType":"String","tues_chores_image0_uriFragment":"Rowpath","address_image0_uriFragment":"Rowpath","tues_chores_image0_contentType":"String","address":"String","thurs_chores":"String","thurs_chores_image0_uriFragment":"Rowpath","comments":"String","sun_chores":"String"},"rowIds":[],"count":0,"tableId":"scan_example","isGroupedBy":false}