{"data":[],"columnData":{"country_csv":[],"region":[],"sex":[],"weight":[],"location_longitude":[],"picture_contentType":[],"secondaryColor":[],"confirmTeal":[],"picture_uriFragment":[],"bird":[],"location_accuracy":[],"location_altitude":[],"user_name":[],"color":[],"age":[],"unExpectedColor":[],"location_latitude":[]},"columns":{"region":"String","country_csv":"String","sex":"String","weight":"Number","location_longitude":"Number","location":"Geopoint","picture_contentType":"String","secondaryColor":"Array","picture_uriFragment":"Rowpath","confirmTeal":"Boolean","picture":"MimeUri","bird":"String","user_name":"String","location_altitude":"Number","location_accuracy":"Number","color":"String","age":"Integer","unExpectedColor":"String","location_latitude":"Number","secondaryColor_items":"String"},"rowIds":[],"count":0,"tableId":"selects_demo","isGroupedBy":false}