{"data":[{"Owner":"Colonel Toppington","WiFi":"Yes","Customers":"1907","Date_Opened":"2009-07-13T00:00:00.000000000","Hot":"No","Specialty_Type_id":"1","House_id":"t3","Name":"Tibbins House on Kingsley","Neighborhood":"Capitol Hill","Region":"Cascadia","State":"Ulong","District":"Magdalene","Phone_Number":"5550981","Location_latitude":"10.20976","Iced":"Yes","Visits":"10987","Location_longitude":"1.47962"},{"Owner":"Miss Tealicious","WiFi":"Yes","Customers":"176","Date_Opened":"2010-06-28T00:00:00.000000000","Hot":"Yes","Specialty_Type_id":"1","House_id":"t2","Name":"Tea for All","Neighborhood":"Capitol Hill","Region":"Cascadia","State":"Ulong","District":"Magdalene","Phone_Number":"5558778","Location_latitude":"10.304162","Iced":"Yes","Visits":"2762","Location_longitude":"1.37962"},{"Owner":"David Serra","WiFi":"Yes","Customers":"887","Date_Opened":"2010-06-28T00:00:00.000000000","Hot":"Yes","Specialty_Type_id":"2","House_id":"t4","Name":"Green with Tea-envy","Neighborhood":"First Hill","Region":"Cascadia","State":"Ulong","District":"Magdalene","Phone_Number":"5558719","Location_latitude":"10.26794","Iced":"Yes","Visits":"2710","Location_longitude":"0.95949"},{"Owner":"Wendy Florent","WiFi":"No","Customers":"892","Date_Opened":"2010-06-28T00:00:00.000000000","Hot":"Yes","Specialty_Type_id":"2","House_id":"t5","Name":"Read the Leaves","Neighborhood":"First Hill","Region":"Cascadia","State":"Ulong","District":"Magdalene","Phone_Number":"5558171","Location_latitude":"10.177112","Iced":"Yes","Visits":"9876","Location_longitude":"1.106208"},{"Owner":"Brandon Stark","WiFi":"Yes","Customers":"123","Date_Opened":"2010-06-28T00:00:00.000000000","Hot":"No","Specialty_Type_id":"3","House_id":"t6","Name":"Trinity\u0027s Spies","Neighborhood":"University","Region":"Cascadia","State":"Ulong","District":"St John\u0027s","Phone_Number":"5553342","Location_latitude":"10.35259","Iced":"Yes","Visits":"8196","Location_longitude":"1.10885"},{"Owner":"Takeshi Kovacs","WiFi":"No","Customers":"198","Date_Opened":"2010-06-28T00:00:00.000000000","Hot":"Yes","Specialty_Type_id":"4","House_id":"t7","Name":"The Bridge of Sighs","Neighborhood":"University","Region":"Cascadia","State":"Ulong","District":"St John\u0027s","Phone_Number":"5554113","Location_latitude":"10.177112","Iced":"Yes","Visits":"188","Location_longitude":"1.106208"},{"Owner":"Rick Deckard","WiFi":"No","Customers":"768","Date_Opened":"2010-06-28T00:00:00.000000000","Hot":"Yes","Specialty_Type_id":"4","House_id":"t8","Name":"Kitchen Court","Neighborhood":"Fremont","Region":"Cascadia","State":"Ulong","District":"St John\u0027s","Phone_Number":"5559109","Location_latitude":"10.177112","Iced":"No","Visits":"1719","Location_longitude":"1.106208"},{"Owner":"Madame Bemford","WiFi":"No","Customers":"779","Date_Opened":"2010-06-29T00:00:00.000000000","Hot":"No","Specialty_Type_id":"1","House_id":"t1","Name":"The Buttery","Neighborhood":"Fremont","Region":"Cascadia","State":"Ulong","District":"St John\u0027s","Phone_Number":"5551134","Location_latitude":"10.502791","Iced":"Yes","Visits":"8817","Location_longitude":"1.374374"},{"Owner":"Willard Pewpew","WiFi":"Yes","Customers":"153","Date_Opened":"2010-06-29T00:00:00.000000000","Hot":"Yes","Specialty_Type_id":"2","House_id":"t9","Name":"Whipplesnaith","Neighborhood":"Fremont","Region":"Cascadia","State":"Ulong","District":"St John\u0027s","Phone_Number":"5558171","Location_latitude":"10.487957","Iced":"Yes","Visits":"9873","Location_longitude":"1.510158"},{"Owner":"Genevieve Twilly","WiFi":"Yes","Customers":"1139","Date_Opened":"2010-06-29T00:00:00.000000000","Hot":"Yes","Specialty_Type_id":"5","House_id":"t10","Name":"The Tower","Neighborhood":"University","Region":"Cascadia","State":"Ulong","District":"St John\u0027s","Phone_Number":"5558189","Location_latitude":"10.502791","Iced":"No","Visits":"7866","Location_longitude":"1.374374"}],"columnData":{"Location_accuracy":[null,null,null,null,null,null,null,null,null,null],"Owner":["Colonel Toppington","Miss Tealicious","David Serra","Wendy Florent","Brandon Stark","Takeshi Kovacs","Rick Deckard","Madame Bemford","Willard Pewpew","Genevieve Twilly"],"WiFi":["Yes","Yes","Yes","No","Yes","No","No","No","Yes","Yes"],"Customers":["1907","176","887","892","123","198","768","779","153","1139"],"Date_Opened":["2009-07-13T00:00:00.000000000","2010-06-28T00:00:00.000000000","2010-06-28T00:00:00.000000000","2010-06-28T00:00:00.000000000","2010-06-28T00:00:00.000000000","2010-06-28T00:00:00.000000000","2010-06-28T00:00:00.000000000","2010-06-29T00:00:00.000000000","2010-06-29T00:00:00.000000000","2010-06-29T00:00:00.000000000"],"Hot":["No","Yes","Yes","Yes","No","Yes","Yes","No","Yes","Yes"],"Specialty_Type_id":["1","1","2","2","3","4","4","1","2","5"],"Location_altitude":[null,null,null,null,null,null,null,null,null,null],"House_id":["t3","t2","t4","t5","t6","t7","t8","t1","t9","t10"],"Name":["Tibbins House on Kingsley","Tea for All","Green with Tea-envy","Read the Leaves","Trinity\u0027s Spies","The Bridge of Sighs","Kitchen Court","The Buttery","Whipplesnaith","The Tower"],"Neighborhood":["Capitol Hill","Capitol Hill","First Hill","First Hill","University","University","Fremont","Fremont","Fremont","University"],"Region":["Cascadia","Cascadia","Cascadia","Cascadia","Cascadia","Cascadia","Cascadia","Cascadia","Cascadia","Cascadia"],"State":["Ulong","Ulong","Ulong","Ulong","Ulong","Ulong","Ulong","Ulong","Ulong","Ulong"],"District":["Magdalene","Magdalene","Magdalene","Magdalene","St John\u0027s","St John\u0027s","St John\u0027s","St John\u0027s","St John\u0027s","St John\u0027s"],"Phone_Number":["5550981","5558778","5558719","5558171","5553342","5554113","5559109","5551134","5558171","5558189"],"Location_latitude":["10.20976","10.304162","10.26794","10.177112","10.35259","10.177112","10.177112","10.502791","10.487957","10.502791"],"Iced":["Yes","Yes","Yes","Yes","Yes","Yes","No","Yes","Yes","No"],"Visits":["10987","2762","2710","9876","8196","188","1719","8817","9873","7866"],"Location_longitude":["1.47962","1.37962","0.95949","1.106208","1.10885","1.106208","1.106208","1.374374","1.510158","1.374374"]},"columns":{"WiFi":"String","Owner":"String","Location_accuracy":"Number","Date_Opened":"Date","Customers":"Integer","Hot":"String","Location":"Geopoint","Specialty_Type_id":"String","Location_altitude":"Number","Name":"String","House_id":"String","Region":"String","Neighborhood":"String","State":"String","Phone_Number":"String","District":"String","Location_latitude":"Number","Iced":"String","Visits":"Integer","Location_longitude":"Number"},"rowIds":["72c8186a-8141-4b06-a764-a9029c021b20","924e548d-667f-4c49-91c0-de2885c0dda1","1ed5404f-c501-4308-ac0f-a080c13ae5c4","f3ffa1ef-5534-499b-985d-356dc17e19fd","e432729c-36f6-47b7-92d0-ffa9d10f86ee","c21e672a-3e1b-46ae-a01b-8dbebbd4a5a4","a9694e80-d6a0-47ec-87da-d320bfbca9a2","12f37f54-708c-4a94-8a97-635d8527af52","195bf17b-8b65-444b-8e1a-75465a7bcfa8","33338f9f-998b-4efe-ae3a-c3ea1274e957"],"count":10,"tableId":"Tea_houses","isGroupedBy":false}