{"data":[{"House_id":"t1","Name":"Tientai\u0027s Best","Type_id":"1","Loose_Leaf":"No","Price_8oz":"0.9","Cold":"Yes","Hot":"Yes","Bags":"Yes","Price_16oz":"1.1","Price_12oz":"1.0"},{"House_id":"t1","Name":"Hangzhou\u0027s Own","Type_id":"1","Loose_Leaf":"Yes","Price_8oz":"1.5","Cold":"Yes","Hot":"Yes","Bags":"Yes","Price_16oz":"2.5","Price_12oz":"2.0"},{"House_id":"t10","Name":"Reddy or Not","Type_id":"5","Loose_Leaf":"No","Price_8oz":"1.0","Cold":"No","Hot":"Yes","Bags":"Yes","Price_16oz":"3.0","Price_12oz":"2.0"},{"House_id":"t11","Name":"Leaf it Be","Type_id":"5","Loose_Leaf":"No","Price_8oz":"1.0","Cold":"No","Hot":"Yes","Bags":"Yes","Price_16oz":"1.0","Price_12oz":"1.0"},{"House_id":"t11","Name":"Oxidon\u0027t Do It","Type_id":"5","Loose_Leaf":"Yes","Price_8oz":"3.0","Cold":"No","Hot":"Yes","Bags":"No","Price_16oz":"7.0","Price_12oz":"5.0"},{"House_id":"t11","Name":"Allo Guvnah","Type_id":"6","Loose_Leaf":"No","Price_8oz":"0.5","Cold":"No","Hot":"Yes","Bags":"Yes","Price_16oz":"1.0","Price_12oz":"0.75"},{"House_id":"t12","Name":"Picard\u0027s Own","Type_id":"6","Loose_Leaf":"Yes","Price_8oz":"2.5","Cold":"No","Hot":"Yes","Bags":"No","Price_16oz":"3.5","Price_12oz":"3.0"},{"House_id":"t12","Name":"Gandalf\u0027s Cloak","Type_id":"6","Loose_Leaf":"No","Price_8oz":"2.0","Cold":"No","Hot":"Yes","Bags":"Yes","Price_16oz":"2.5","Price_12oz":"2.25"},{"House_id":"t12","Name":"Earl Good","Type_id":"6","Loose_Leaf":"No","Price_8oz":"2.75","Cold":"No","Hot":"Yes","Bags":"Yes","Price_16oz":"3.25","Price_12oz":"3.0"},{"House_id":"t13","Name":"Chamomile","Type_id":"7","Loose_Leaf":"No","Price_8oz":"0.5","Cold":"No","Hot":"Yes","Bags":"Yes","Price_16oz":"1.25","Price_12oz":"1.0"}],"columnData":{"House_id":["t1","t1","t10","t11","t11","t11","t12","t12","t12","t13"],"Name":["Tientai\u0027s Best","Hangzhou\u0027s Own","Reddy or Not","Leaf it Be","Oxidon\u0027t Do It","Allo Guvnah","Picard\u0027s Own","Gandalf\u0027s Cloak","Earl Good","Chamomile"],"Type_id":["1","1","5","5","5","6","6","6","6","7"],"Loose_Leaf":["No","Yes","No","No","Yes","No","Yes","No","No","No"],"Price_8oz":["0.9","1.5","1.0","1.0","3.0","0.5","2.5","2.0","2.75","0.5"],"Cold":["Yes","Yes","No","No","No","No","No","No","No","No"],"Hot":["Yes","Yes","Yes","Yes","Yes","Yes","Yes","Yes","Yes","Yes"],"Bags":["Yes","Yes","Yes","Yes","No","Yes","No","Yes","Yes","Yes"],"Price_16oz":["1.1","2.5","3.0","1.0","7.0","1.0","3.5","2.5","3.25","1.25"],"Price_12oz":["1.0","2.0","2.0","1.0","5.0","0.75","3.0","2.25","3.0","1.0"]},"columns":{"Name":"String","House_id":"String","Type_id":"String","Loose_Leaf":"String","Price_8oz":"Number","Cold":"String","Hot":"String","Price_16oz":"Number","Bags":"String","Price_12oz":"Number"},"rowIds":["483b4d02-a674-4b4b-948a-7b3d3175a99d","cb483139-bcb8-434d-837e-1d618076267a","520dcdd5-c4ed-44ba-83c1-5431bcb958ff","416e8d42-bb30-4c91-9264-3e09152c7b95","e63393b5-f1e6-4272-b9b2-8e0a6adf1c46","62658096-2cf8-4705-b84f-bfd2535e38f0","3dd89313-6949-4dc6-afad-f4271caa81f4","89b91051-0b89-45dc-a4b2-b2f4d4a30c0a","a67b9e02-6c3e-42a3-a1bf-1117092b2593","a8d63db2-5188-4ee9-9b1c-239821c7ddf0"],"count":10,"tableId":"Tea_inventory","isGroupedBy":false}