{"data":[{"Fermented":"Yes","Name":"Oolong","Type_id":"1","Origin":"China","Caffeinated":"Yes"},{"Fermented":"No","Name":"Green","Type_id":"2","Origin":"China","Caffeinated":"Yes"},{"Fermented":"No","Name":"White","Type_id":"3","Origin":"China","Caffeinated":"Yes"},{"Fermented":"No","Name":"Gunpowder","Type_id":"4","Origin":"China","Caffeinated":"Yes"},{"Fermented":"No","Name":"Rooibos","Type_id":"5","Origin":"South Africa","Caffeinated":"No"},{"Fermented":"Yes","Name":"Earl Grey","Type_id":"6","Origin":"England","Caffeinated":"Yes"},{"Fermented":"No","Name":"Herbal","Type_id":"7","Origin":"Egypt","Caffeinated":"No"}],"columnData":{"Fermented":["Yes","No","No","No","No","Yes","No"],"Name":["Oolong","Green","White","Gunpowder","Rooibos","Earl Grey","Herbal"],"Type_id":["1","2","3","4","5","6","7"],"Origin":["China","China","China","China","South Africa","England","Egypt"],"Caffeinated":["Yes","Yes","Yes","Yes","No","Yes","No"]},"columns":{"Name":"String","Fermented":"String","Type_id":"String","Origin":"String","Caffeinated":"String"},"rowIds":["37309d9d-dbda-414c-97a1-f77c38f3e1ad","384fa0e6-25f8-44bf-bbc8-88ad1f3d87f5","2cbba6ab-9ec7-4f67-9bd4-a1dabe6eaf3e","d256d0c8-1dce-4238-ab5a-b1627dc1869e","ca819ef6-a92c-48fe-aebf-4381140ca286","f1dd44a4-f91e-471d-9ccd-220deeb42165","169c6a20-a962-4301-a53e-8d2a03eaa34c"],"count":7,"tableId":"Tea_types","isGroupedBy":false}