<?xml version="1.0"?>
<h:html xmlns="http://www.w3.org/2002/xforms" xmlns:ev="http://www.w3.org/2001/xml-events" xmlns:h="http://www.w3.org/1999/xhtml" xmlns:jr="http://openrosa.org/javarosa" xmlns:orx="http://openrosa.org/xforms" xmlns:xsd="http://www.w3.org/2001/XMLSchema">
  <h:head>
    <h:title>visits_collect</h:title>
    <model>
      <itext>
        <translation default="true()" lang="default">
          <text id="/visits_collect/pests/earworm:label">
            <value form="image">jr://images/earworm.jpg</value>
          </text>
          <text id="/visits_collect/plant_health/good:label">
            <value form="image">jr://images/healthy_corn_leaves.jpg</value>
          </text>
          <text id="/visits_collect/pests/cutworm:label">
            <value form="image">jr://images/cutworm.jpg</value>
          </text>
          <text id="/visits_collect/plant_health/bad:label">
            <value form="image">jr://images/dying_corn_leaves.jpg</value>
          </text>
          <text id="/visits_collect/plant_health/fair:label">
            <value form="image">jr://images/fair_corn_leaves.jpeg</value>
          </text>
          <text id="/visits_collect/pests/beetle:label">
            <value form="image">jr://images/corn_flea_beetle.jpg</value>
          </text>
          <text id="/visits_collect/pests/stink_bug:label">
            <value form="image">jr://images/stink_bug.jpg</value>
          </text>
        </translation>
      </itext>
      <instance>
        <visits_collect id="visits_collect">
          <plot_id/>
          <date/>
          <plant_height/>
          <plant_health/>
          <bad_plant>
            <bad_display/>
          </bad_plant>
          <fair_plant>
            <fair_display/>
          </fair_plant>
          <good_plant>
            <good_display/>
          </good_plant>
          <pests/>
          <earworm_pest>
            <earworm_display/>
          </earworm_pest>
          <stinkbug_plant>
            <stinkbug_display/>
          </stinkbug_plant>
          <cutworm_plant>
            <cutworm_display/>
          </cutworm_plant>
          <beetle_plant>
            <beetle_display/>
          </beetle_plant>
          <soil/>
          <crop_yield/>
          <observations/>
          <meta>
            <instanceID/>
          </meta>
        </visits_collect>
      </instance>
      <bind nodeset="/visits_collect/plot_id" type="int"/>
      <bind nodeset="/visits_collect/date" type="dateTime"/>
      <bind nodeset="/visits_collect/plant_height" type="decimal"/>
      <bind nodeset="/visits_collect/plant_health" type="select1"/>
      <bind nodeset="/visits_collect/bad_plant" relevant=" /visits_collect/plant_health  = 'bad'"/>
      <bind nodeset="/visits_collect/bad_plant/bad_display" readonly="true()" type="string"/>
      <bind nodeset="/visits_collect/fair_plant" relevant=" /visits_collect/plant_health  = 'fair'"/>
      <bind nodeset="/visits_collect/fair_plant/fair_display" readonly="true()" type="string"/>
      <bind nodeset="/visits_collect/good_plant" relevant=" /visits_collect/plant_health  = 'good'"/>
      <bind nodeset="/visits_collect/good_plant/good_display" readonly="true()" type="string"/>
      <bind nodeset="/visits_collect/pests" type="select"/>
      <bind nodeset="/visits_collect/earworm_pest" relevant=" /visits_collect/pests  = 'earworm'"/>
      <bind nodeset="/visits_collect/earworm_pest/earworm_display" readonly="true()" type="string"/>
      <bind nodeset="/visits_collect/stinkbug_plant" relevant=" /visits_collect/pests  = 'stink_bug'"/>
      <bind nodeset="/visits_collect/stinkbug_plant/stinkbug_display" readonly="true()" type="string"/>
      <bind nodeset="/visits_collect/cutworm_plant" relevant=" /visits_collect/pests  = 'cutworm'"/>
      <bind nodeset="/visits_collect/cutworm_plant/cutworm_display" readonly="true()" type="string"/>
      <bind nodeset="/visits_collect/beetle_plant" relevant=" /visits_collect/pests  = 'beetle'"/>
      <bind nodeset="/visits_collect/beetle_plant/beetle_display" readonly="true()" type="string"/>
      <bind nodeset="/visits_collect/soil" type="select1"/>
      <bind nodeset="/visits_collect/crop_yield" type="int"/>
      <bind nodeset="/visits_collect/observations" type="string"/>
      <bind calculate="concat('uuid:', uuid())" nodeset="/visits_collect/meta/instanceID" readonly="true()" type="string"/>
    </model>
  </h:head>
  <h:body>
    <input ref="/visits_collect/plot_id">
      <label>What is the plot ID of the plot you are observing?</label>
    </input>
    <input ref="/visits_collect/date">
      <label>Select the date and time of your visit.</label>
    </input>
    <input ref="/visits_collect/plant_height">
      <label>What is the height of the plant in cm?</label>
    </input>
    <select1 appearance="grid" ref="/visits_collect/plant_health">
      <label>Select the image that best indicates the health of the plants at this plot.</label>
      <item>
        <label ref="jr:itext('/visits_collect/plant_health/bad:label')"/>
        <value>bad</value>
      </item>
      <item>
        <label ref="jr:itext('/visits_collect/plant_health/fair:label')"/>
        <value>fair</value>
      </item>
      <item>
        <label ref="jr:itext('/visits_collect/plant_health/good:label')"/>
        <value>good</value>
      </item>
    </select1>
    <group ref="/visits_collect/bad_plant">
      <input ref="/visits_collect/bad_plant/bad_display">
        <label>Bad Selected</label>
      </input>
    </group>
    <group ref="/visits_collect/fair_plant">
      <input ref="/visits_collect/fair_plant/fair_display">
        <label>Fair Selected</label>
      </input>
    </group>
    <group ref="/visits_collect/good_plant">
      <input ref="/visits_collect/good_plant/good_display">
        <label>Good Selected</label>
      </input>
    </group>
    <select appearance="grid" ref="/visits_collect/pests">
      <label>Which pests have you found at this plot?</label>
      <item>
        <label ref="jr:itext('/visits_collect/pests/earworm:label')"/>
        <value>earworm</value>
      </item>
      <item>
        <label ref="jr:itext('/visits_collect/pests/stink_bug:label')"/>
        <value>stink_bug</value>
      </item>
      <item>
        <label ref="jr:itext('/visits_collect/pests/cutworm:label')"/>
        <value>cutworm</value>
      </item>
      <item>
        <label ref="jr:itext('/visits_collect/pests/beetle:label')"/>
        <value>beetle</value>
      </item>
    </select>
    <group ref="/visits_collect/earworm_pest">
      <input ref="/visits_collect/earworm_pest/earworm_display">
        <label>Earworm Selected</label>
      </input>
    </group>
    <group ref="/visits_collect/stinkbug_plant">
      <input ref="/visits_collect/stinkbug_plant/stinkbug_display">
        <label>Stink Bug Selected</label>
      </input>
    </group>
    <group ref="/visits_collect/cutworm_plant">
      <input ref="/visits_collect/cutworm_plant/cutworm_display">
        <label>Cutworm Selected</label>
      </input>
    </group>
    <group ref="/visits_collect/beetle_plant">
      <input ref="/visits_collect/beetle_plant/beetle_display">
        <label>Beetle Selected</label>
      </input>
    </group>
    <select1 ref="/visits_collect/soil">
      <label>What is the texture of the soil?</label>
      <item>
        <label>Fine Sand</label>
        <value>fine_sand</value>
      </item>
      <item>
        <label>Sandy Loam</label>
        <value>sandy_loam</value>
      </item>
      <item>
        <label>Loam</label>
        <value>loam</value>
      </item>
    </select1>
    <input ref="/visits_collect/crop_yield">
      <label>What is the current crop yield in kg per hectare?</label>
    </input>
    <input ref="/visits_collect/observations">
      <label>Enter in any other observations.</label>
    </input>
  </h:body>
</h:html>
