_partition,_aspect,_key,_type,_value
Column,Caffeinated,displayChoicesList,object,"[{""choice_list_name"":""yes_no"",""data_value"":""Yes"",""display"":{""title"":{""text"":""Yes""}},""_row_num"":2},{""choice_list_name"":""yes_no"",""data_value"":""No"",""display"":{""title"":{""text"":""No""}},""_row_num"":3}]"
Column,Fermented,displayChoicesList,object,"[{""choice_list_name"":""yes_no"",""data_value"":""Yes"",""display"":{""title"":{""text"":""Yes""}},""_row_num"":2},{""choice_list_name"":""yes_no"",""data_value"":""No"",""display"":{""title"":{""text"":""No""}},""_row_num"":3}]"
FormType,default,FormType.formType,string,SURVEY
SurveyUtil,default,SurveyUtil.formId,string,Tea_types
Table,default,defaultViewType,string,LIST
Table,default,detailViewFileName,string,config/tables/Tea_types/html/Tea_types_detail.html
Table,default,displayName,object,"{""text"":""Tea Types""}"
Table,default,listViewFileName,string,config/tables/Tea_types/html/Tea_types_list.html
