_element_key,_element_name,_element_type,_list_child_element_keys
farm_city,farm_city,string,[]
farm_location,farm_location,geopoint,"[""farm_location_accuracy"",""farm_location_altitude"",""farm_location_latitude"",""farm_location_longitude""]"
farm_location_accuracy,accuracy,number,[]
farm_location_altitude,altitude,number,[]
farm_location_latitude,latitude,number,[]
farm_location_longitude,longitude,number,[]
farm_name,farm_name,string,[]
farm_num_employee,farm_num_employee,integer,[]
farm_revenue,farm_revenue,number,[]
farm_state,farm_state,string,[]
farm_uuid,farm_uuid,string,[]
location,location,geopoint,"[""location_accuracy"",""location_altitude"",""location_latitude"",""location_longitude""]"
location_accuracy,accuracy,number,[]
location_altitude,altitude,number,[]
location_latitude,latitude,number,[]
location_longitude,longitude,number,[]
