_partition,_aspect,_key,_type,_value
Column,examples,displayChoicesList,object,"[{""choice_list_name"":""examples"",""data_value"":""intents"",""display"":{""title"":{""text"":""intent launching""}},""_row_num"":12},{""choice_list_name"":""examples"",""data_value"":""label_features"",""display"":{""title"":{""text"":""label features""}},""_row_num"":13},{""choice_list_name"":""examples"",""data_value"":""dynamic_defaults"",""display"":{""title"":{""text"":""computed assignment of initial values""}},""_row_num"":14},{""choice_list_name"":""examples"",""data_value"":""datetime"",""display"":{""title"":{""text"":""datetime""}},""_row_num"":15},{""choice_list_name"":""examples"",""data_value"":""geopoint"",""display"":{""title"":{""text"":""geopoint""}},""_row_num"":16},{""choice_list_name"":""examples"",""data_value"":""media"",""display"":{""title"":{""text"":""media""}},""_row_num"":17},{""choice_list_name"":""examples"",""data_value"":""screen_group"",""display"":{""title"":{""text"":""screen group with select and calculate""}},""_row_num"":18},{""choice_list_name"":""examples"",""data_value"":""custom_template"",""display"":{""title"":{""text"":""custom template""}},""_row_num"":19}]"
Column,sex,displayChoicesList,object,"[{""choice_list_name"":""sexes"",""data_value"":""male"",""display"":{""title"":{""text"":""male""}},""_row_num"":21},{""choice_list_name"":""sexes"",""data_value"":""female"",""display"":{""title"":{""text"":""female""}},""_row_num"":22}]"
Column,visited_continents,displayChoicesList,object,"[{""choice_list_name"":""continents"",""data_value"":""NorthAmerica"",""display"":{""title"":{""text"":""North America""}},""_row_num"":4},{""choice_list_name"":""continents"",""data_value"":""SouthAmerica"",""display"":{""title"":{""text"":""South America""}},""_row_num"":5},{""choice_list_name"":""continents"",""data_value"":""Europe"",""display"":{""title"":{""text"":""Europe""}},""_row_num"":6},{""choice_list_name"":""continents"",""data_value"":""Africa"",""display"":{""title"":{""text"":""Africa""}},""_row_num"":7},{""choice_list_name"":""continents"",""data_value"":""Asia"",""display"":{""title"":{""text"":""Asia""}},""_row_num"":8},{""choice_list_name"":""continents"",""data_value"":""Australia"",""display"":{""title"":{""text"":""Australia""}},""_row_num"":9},{""choice_list_name"":""continents"",""data_value"":""Antarctica"",""display"":{""title"":{""text"":""Antarctica""}},""_row_num"":10}]"
Column,visited_seattle,displayChoicesList,object,"[{""choice_list_name"":""yesno"",""data_value"":""yes"",""display"":{""title"":{""text"":""yes""}},""_row_num"":2},{""choice_list_name"":""yesno"",""data_value"":""no"",""display"":{""title"":{""text"":""no""}},""_row_num"":3}]"
FormType,default,FormType.formType,string,SURVEY
SurveyUtil,default,SurveyUtil.formId,string,exampleForm
Table,default,defaultViewType,string,SPREADSHEET
Table,default,displayName,object,"{""text"":{""en"":""Example Form"",""hi"":""hindi exampleform"",""default"":""Example Form""}}"
