_partition,_aspect,_key,_type,_value
Column,able_to_drink,displayChoicesList,object,"[{""choice_list_name"":""yes_no"",""data_value"":""yes"",""display"":{""title"":{""text"":{""default"":""Yes"",""hi"":""हाँ""}}},""_row_num"":2},{""choice_list_name"":""yes_no"",""data_value"":""no"",""display"":{""title"":{""text"":{""default"":""No"",""hi"":""ना""}}},""_row_num"":3}]"
Column,anaemia_check,displayChoicesList,object,"[{""choice_list_name"":""no_some_severe"",""data_value"":""none"",""display"":{""title"":{""text"":{""default"":""None"",""hi"":""कुच्छ""}}},""_row_num"":70},{""choice_list_name"":""no_some_severe"",""data_value"":""some"",""display"":{""title"":{""text"":{""default"":""Some"",""hi"":""तोढा""}}},""_row_num"":71},{""choice_list_name"":""no_some_severe"",""data_value"":""severe"",""display"":{""title"":{""text"":{""default"":""Severe"",""hi"":""बहुत""}}},""_row_num"":72}]"
Column,antimalarial,displayChoicesList,object,"[{""choice_list_name"":""antimalarial"",""data_value"":""chloroquine"",""display"":{""title"":{""text"":""First-line antimalarial:<br />\nChloroquine""}},""_row_num"":97},{""choice_list_name"":""antimalarial"",""data_value"":""sulphadoxine"",""display"":{""title"":{""text"":""Second-line antimalarial:\n<br />Sulphadoxine (or sulphalena) plus pyrimethamine*<br />\n*First line treatment in areas with High Resistance to Chloroquine""}},""_row_num"":98}]"
Column,axillary_temperature_possible,displayChoicesList,object,"[{""choice_list_name"":""yes_no"",""data_value"":""yes"",""display"":{""title"":{""text"":{""default"":""Yes"",""hi"":""हाँ""}}},""_row_num"":2},{""choice_list_name"":""yes_no"",""data_value"":""no"",""display"":{""title"":{""text"":{""default"":""No"",""hi"":""ना""}}},""_row_num"":3}]"
Column,basic_q,displayChoicesList,object,"[{""choice_list_name"":""basic_four_questions"",""data_value"":""difficulty_breathing"",""display"":{""title"":{""text"":""Cough or difficulty breathing""}},""_row_num"":92},{""choice_list_name"":""basic_four_questions"",""data_value"":""diarrhoea"",""display"":{""title"":{""text"":""Diarrhoea""}},""_row_num"":93},{""choice_list_name"":""basic_four_questions"",""data_value"":""fever_reported"",""display"":{""title"":{""text"":""Fever""}},""_row_num"":94},{""choice_list_name"":""basic_four_questions"",""data_value"":""ear_problem"",""display"":{""title"":{""text"":""Ear problem""}},""_row_num"":95}]"
Column,basic_q,displayName,object,"{""text"":""Which symptoms does the child have?""}"
Column,birthdayKnown,displayChoicesList,object,"[{""choice_list_name"":""yes_no"",""data_value"":""yes"",""display"":{""title"":{""text"":{""default"":""Yes"",""hi"":""हाँ""}}},""_row_num"":2},{""choice_list_name"":""yes_no"",""data_value"":""no"",""display"":{""title"":{""text"":{""default"":""No"",""hi"":""ना""}}},""_row_num"":3}]"
Column,blood_in_stool,displayChoicesList,object,"[{""choice_list_name"":""yes_no"",""data_value"":""yes"",""display"":{""title"":{""text"":{""default"":""Yes"",""hi"":""हाँ""}}},""_row_num"":2},{""choice_list_name"":""yes_no"",""data_value"":""no"",""display"":{""title"":{""text"":{""default"":""No"",""hi"":""ना""}}},""_row_num"":3}]"
Column,breastfed,displayChoicesList,object,"[{""choice_list_name"":""yes_no"",""data_value"":""yes"",""display"":{""title"":{""text"":{""default"":""Yes"",""hi"":""हाँ""}}},""_row_num"":2},{""choice_list_name"":""yes_no"",""data_value"":""no"",""display"":{""title"":{""text"":{""default"":""No"",""hi"":""ना""}}},""_row_num"":3}]"
Column,breastfed_at_night,displayChoicesList,object,"[{""choice_list_name"":""yes_no"",""data_value"":""yes"",""display"":{""title"":{""text"":{""default"":""Yes"",""hi"":""हाँ""}}},""_row_num"":2},{""choice_list_name"":""yes_no"",""data_value"":""no"",""display"":{""title"":{""text"":{""default"":""No"",""hi"":""ना""}}},""_row_num"":3}]"
Column,bulging_fontanelle,displayChoicesList,object,"[{""choice_list_name"":""present"",""data_value"":""present"",""display"":{""title"":{""text"":{""default"":""Present"",""hi"":""है""}}},""_row_num"":5},{""choice_list_name"":""present"",""data_value"":""not_present"",""display"":{""title"":{""text"":{""default"":""Not present"",""hi"":""नही है""}}},""_row_num"":6}]"
Column,change_in_feeding,displayChoicesList,object,"[{""choice_list_name"":""yes_no"",""data_value"":""yes"",""display"":{""title"":{""text"":{""default"":""Yes"",""hi"":""हाँ""}}},""_row_num"":2},{""choice_list_name"":""yes_no"",""data_value"":""no"",""display"":{""title"":{""text"":{""default"":""No"",""hi"":""ना""}}},""_row_num"":3}]"
Column,chest_indrawing,displayChoicesList,object,"[{""choice_list_name"":""present"",""data_value"":""present"",""display"":{""title"":{""text"":{""default"":""Present"",""hi"":""है""}}},""_row_num"":5},{""choice_list_name"":""present"",""data_value"":""not_present"",""display"":{""title"":{""text"":{""default"":""Not present"",""hi"":""नही है""}}},""_row_num"":6}]"
Column,cholera_in_area,displayChoicesList,object,"[{""choice_list_name"":""yes_no"",""data_value"":""yes"",""display"":{""title"":{""text"":{""default"":""Yes"",""hi"":""हाँ""}}},""_row_num"":2},{""choice_list_name"":""yes_no"",""data_value"":""no"",""display"":{""title"":{""text"":{""default"":""No"",""hi"":""ना""}}},""_row_num"":3}]"
Column,convulsions,displayChoicesList,object,"[{""choice_list_name"":""yes_no"",""data_value"":""yes"",""display"":{""title"":{""text"":{""default"":""Yes"",""hi"":""हाँ""}}},""_row_num"":2},{""choice_list_name"":""yes_no"",""data_value"":""no"",""display"":{""title"":{""text"":{""default"":""No"",""hi"":""ना""}}},""_row_num"":3}]"
Column,cornea_clouding,displayChoicesList,object,"[{""choice_list_name"":""present"",""data_value"":""present"",""display"":{""title"":{""text"":{""default"":""Present"",""hi"":""है""}}},""_row_num"":5},{""choice_list_name"":""present"",""data_value"":""not_present"",""display"":{""title"":{""text"":{""default"":""Not present"",""hi"":""नही है""}}},""_row_num"":6}]"
Column,cotrimoxazole_type,displayChoicesList,object,"[{""choice_list_name"":""cotrimoxazole_type"",""data_value"":""adult"",""display"":{""title"":{""text"":{""default"":""Adult Tablet single strength (80mg trimethoprim + 400 mg sulphamethoxazole)"",""hi"":""अडल्ट टॅबलेट सिंगल स्ट्रेंत (80म्ग त्रमेट्ोपरिम + 400 म्ग सुल्फमेठोकशज़ोले)""}}},""_row_num"":77},{""choice_list_name"":""cotrimoxazole_type"",""data_value"":""pediatric"",""display"":{""title"":{""text"":{""default"":""Pediatric Tablet (20mg trimethoprim + 100 mg sulphamethoxazole)"",""hi"":""बच्चों की टॅबलेट (२0म्ग त्रमेट्ोपरिम + १00 म्ग सुल्फमेठोकशज़ोले)""}}},""_row_num"":78}]"
Column,cotrimoxazole_type_red,displayChoicesList,object,"[{""choice_list_name"":""cotrimoxazole_type"",""data_value"":""adult"",""display"":{""title"":{""text"":{""default"":""Adult Tablet single strength (80mg trimethoprim + 400 mg sulphamethoxazole)"",""hi"":""अडल्ट टॅबलेट सिंगल स्ट्रेंत (80म्ग त्रमेट्ोपरिम + 400 म्ग सुल्फमेठोकशज़ोले)""}}},""_row_num"":77},{""choice_list_name"":""cotrimoxazole_type"",""data_value"":""pediatric"",""display"":{""title"":{""text"":{""default"":""Pediatric Tablet (20mg trimethoprim + 100 mg sulphamethoxazole)"",""hi"":""बच्चों की टॅबलेट (२0म्ग त्रमेट्ोपरिम + १00 म्ग सुल्फमेठोकशज़ोले)""}}},""_row_num"":78}]"
Column,drinking_eagerly,displayChoicesList,object,"[{""choice_list_name"":""yes_no"",""data_value"":""yes"",""display"":{""title"":{""text"":{""default"":""Yes"",""hi"":""हाँ""}}},""_row_num"":2},{""choice_list_name"":""yes_no"",""data_value"":""no"",""display"":{""title"":{""text"":{""default"":""No"",""hi"":""ना""}}},""_row_num"":3}]"
Column,drinking_poorly,displayChoicesList,object,"[{""choice_list_name"":""yes_no"",""data_value"":""yes"",""display"":{""title"":{""text"":{""default"":""Yes"",""hi"":""हाँ""}}},""_row_num"":2},{""choice_list_name"":""yes_no"",""data_value"":""no"",""display"":{""title"":{""text"":{""default"":""No"",""hi"":""ना""}}},""_row_num"":3}]"
Column,ear_discharge_observed,displayChoicesList,object,"[{""choice_list_name"":""present"",""data_value"":""present"",""display"":{""title"":{""text"":{""default"":""Present"",""hi"":""है""}}},""_row_num"":5},{""choice_list_name"":""present"",""data_value"":""not_present"",""display"":{""title"":{""text"":{""default"":""Not present"",""hi"":""नही है""}}},""_row_num"":6}]"
Column,ear_discharge_reported,displayChoicesList,object,"[{""choice_list_name"":""yes_no"",""data_value"":""yes"",""display"":{""title"":{""text"":{""default"":""Yes"",""hi"":""हाँ""}}},""_row_num"":2},{""choice_list_name"":""yes_no"",""data_value"":""no"",""display"":{""title"":{""text"":{""default"":""No"",""hi"":""ना""}}},""_row_num"":3}]"
Column,ear_pain,displayChoicesList,object,"[{""choice_list_name"":""yes_no"",""data_value"":""yes"",""display"":{""title"":{""text"":{""default"":""Yes"",""hi"":""हाँ""}}},""_row_num"":2},{""choice_list_name"":""yes_no"",""data_value"":""no"",""display"":{""title"":{""text"":{""default"":""No"",""hi"":""ना""}}},""_row_num"":3}]"
Column,ear_swelling,displayChoicesList,object,"[{""choice_list_name"":""present"",""data_value"":""present"",""display"":{""title"":{""text"":{""default"":""Present"",""hi"":""है""}}},""_row_num"":5},{""choice_list_name"":""present"",""data_value"":""not_present"",""display"":{""title"":{""text"":{""default"":""Not present"",""hi"":""नही है""}}},""_row_num"":6}]"
Column,eye_pus,displayChoicesList,object,"[{""choice_list_name"":""present"",""data_value"":""present"",""display"":{""title"":{""text"":{""default"":""Present"",""hi"":""है""}}},""_row_num"":5},{""choice_list_name"":""present"",""data_value"":""not_present"",""display"":{""title"":{""text"":{""default"":""Not present"",""hi"":""नही है""}}},""_row_num"":6}]"
Column,feel_for_fever,displayChoicesList,object,"[{""choice_list_name"":""present"",""data_value"":""present"",""display"":{""title"":{""text"":{""default"":""Present"",""hi"":""है""}}},""_row_num"":5},{""choice_list_name"":""present"",""data_value"":""not_present"",""display"":{""title"":{""text"":{""default"":""Not present"",""hi"":""नही है""}}},""_row_num"":6}]"
Column,fever_present_every_day,displayChoicesList,object,"[{""choice_list_name"":""yes_no"",""data_value"":""yes"",""display"":{""title"":{""text"":{""default"":""Yes"",""hi"":""हाँ""}}},""_row_num"":2},{""choice_list_name"":""yes_no"",""data_value"":""no"",""display"":{""title"":{""text"":{""default"":""No"",""hi"":""ना""}}},""_row_num"":3}]"
Column,given_vaccinations,displayChoicesList,object,"[{""choice_list_name"":""vaccinations"",""data_value"":""bcg"",""display"":{""title"":{""text"":{""default"":""BCG"",""hi"":""बी. सी. गी""}}},""age_weeks"":0,""_row_num"":30},{""choice_list_name"":""vaccinations"",""data_value"":""opv0"",""display"":{""title"":{""text"":{""default"":""OPV-0"",""hi"":""ओ. पी. वी.-०""}}},""age_weeks"":0,""_row_num"":31},{""choice_list_name"":""vaccinations"",""data_value"":""opv1hepatitusb1dpt1"",""display"":{""title"":{""text"":""OPV-1 + Hep B-1 + DPT-1""}},""age_weeks"":6,""_row_num"":32},{""choice_list_name"":""vaccinations"",""data_value"":""opv2hepatitusb2dpt2"",""display"":{""title"":{""text"":""OPV-2 + Hep B-2 + DPT-2""}},""age_weeks"":10,""_row_num"":33},{""choice_list_name"":""vaccinations"",""data_value"":""opv3hepatitusb3dpt3"",""display"":{""title"":{""text"":""OPV-3 + Hep B-3 + DPT-3""}},""age_weeks"":14,""_row_num"":34},{""choice_list_name"":""vaccinations"",""data_value"":""measles"",""display"":{""title"":{""text"":{""default"":""Measles"",""hi"":""खसरा""}}},""age_weeks"":36,""_row_num"":35},{""choice_list_name"":""vaccinations"",""data_value"":""vitamin_a"",""display"":{""title"":{""text"":{""default"":""Vitamin A"",""hi"":""विटामिन ए""}}},""age_weeks"":36,""_row_num"":36},{""choice_list_name"":""vaccinations"",""data_value"":""dpt"",""display"":{""title"":{""text"":""DPT Booster""}},""age_weeks"":64,""_row_num"":37},{""choice_list_name"":""vaccinations"",""data_value"":""opv"",""display"":{""title"":{""text"":""OPV Booster""}},""age_weeks"":64,""_row_num"":38},{""choice_list_name"":""vaccinations"",""data_value"":""dt"",""display"":{""title"":{""text"":{""default"":""DT"",""hi"":""डीटी""}}},""age_weeks"":240,""_row_num"":39}]"
Column,going_to_hospital,displayChoicesList,object,"[{""choice_list_name"":""yes_no"",""data_value"":""yes"",""display"":{""title"":{""text"":{""default"":""Yes"",""hi"":""हाँ""}}},""_row_num"":2},{""choice_list_name"":""yes_no"",""data_value"":""no"",""display"":{""title"":{""text"":{""default"":""No"",""hi"":""ना""}}},""_row_num"":3}]"
Column,leave_before_treatment_end,displayChoicesList,object,"[{""choice_list_name"":""yes_no"",""data_value"":""yes"",""display"":{""title"":{""text"":{""default"":""Yes"",""hi"":""हाँ""}}},""_row_num"":2},{""choice_list_name"":""yes_no"",""data_value"":""no"",""display"":{""title"":{""text"":{""default"":""No"",""hi"":""ना""}}},""_row_num"":3}]"
Column,lethargic,displayChoicesList,object,"[{""choice_list_name"":""yes_no"",""data_value"":""yes"",""display"":{""title"":{""text"":{""default"":""Yes"",""hi"":""हाँ""}}},""_row_num"":2},{""choice_list_name"":""yes_no"",""data_value"":""no"",""display"":{""title"":{""text"":{""default"":""No"",""hi"":""ना""}}},""_row_num"":3}]"
Column,malaria_risk,displayChoicesList,object,"[{""choice_list_name"":""high_low"",""data_value"":""high"",""display"":{""title"":{""text"":""High Risk""}},""_row_num"":86},{""choice_list_name"":""high_low"",""data_value"":""low"",""display"":{""title"":{""text"":""Low Risk""}},""_row_num"":87}]"
Column,malnutrition_grade,displayChoicesList,object,"[{""choice_list_name"":""malnutrition_grade"",""data_value"":""normal"",""display"":{""title"":{""text"":{""default"":""Normal"",""hi"":""नॉर्मल""}}},""_row_num"":80},{""choice_list_name"":""malnutrition_grade"",""data_value"":""grade1"",""display"":{""title"":{""text"":{""default"":""Grade I"",""hi"":""ग्रेड १""}}},""_row_num"":81},{""choice_list_name"":""malnutrition_grade"",""data_value"":""grade2"",""display"":{""title"":{""text"":{""default"":""Grade II"",""hi"":""ग्रेड २""}}},""_row_num"":82},{""choice_list_name"":""malnutrition_grade"",""data_value"":""grade3"",""display"":{""title"":{""text"":{""default"":""Grade III"",""hi"":""ग्रेड ३""}}},""_row_num"":83},{""choice_list_name"":""malnutrition_grade"",""data_value"":""grade4"",""display"":{""title"":{""text"":{""default"":""Grade IV"",""hi"":""ग्रेड ४""}}},""_row_num"":84}]"
Column,measles_three_month,displayChoicesList,object,"[{""choice_list_name"":""yes_no"",""data_value"":""yes"",""display"":{""title"":{""text"":{""default"":""Yes"",""hi"":""हाँ""}}},""_row_num"":2},{""choice_list_name"":""yes_no"",""data_value"":""no"",""display"":{""title"":{""text"":{""default"":""No"",""hi"":""ना""}}},""_row_num"":3}]"
Column,mouth_ulcers,displayChoicesList,object,"[{""choice_list_name"":""present"",""data_value"":""present"",""display"":{""title"":{""text"":{""default"":""Present"",""hi"":""है""}}},""_row_num"":5},{""choice_list_name"":""present"",""data_value"":""not_present"",""display"":{""title"":{""text"":{""default"":""Not present"",""hi"":""नही है""}}},""_row_num"":6}]"
Column,mouth_ulcers_deep,displayChoicesList,object,"[{""choice_list_name"":""yes_no"",""data_value"":""yes"",""display"":{""title"":{""text"":{""default"":""Yes"",""hi"":""हाँ""}}},""_row_num"":2},{""choice_list_name"":""yes_no"",""data_value"":""no"",""display"":{""title"":{""text"":{""default"":""No"",""hi"":""ना""}}},""_row_num"":3}]"
Column,needed_vaccinations,displayChoicesList,object,"[{""choice_list_name"":""vaccinations"",""data_value"":""bcg"",""display"":{""title"":{""text"":{""default"":""BCG"",""hi"":""बी. सी. गी""}}},""age_weeks"":0,""_row_num"":30},{""choice_list_name"":""vaccinations"",""data_value"":""opv0"",""display"":{""title"":{""text"":{""default"":""OPV-0"",""hi"":""ओ. पी. वी.-०""}}},""age_weeks"":0,""_row_num"":31},{""choice_list_name"":""vaccinations"",""data_value"":""opv1hepatitusb1dpt1"",""display"":{""title"":{""text"":""OPV-1 + Hep B-1 + DPT-1""}},""age_weeks"":6,""_row_num"":32},{""choice_list_name"":""vaccinations"",""data_value"":""opv2hepatitusb2dpt2"",""display"":{""title"":{""text"":""OPV-2 + Hep B-2 + DPT-2""}},""age_weeks"":10,""_row_num"":33},{""choice_list_name"":""vaccinations"",""data_value"":""opv3hepatitusb3dpt3"",""display"":{""title"":{""text"":""OPV-3 + Hep B-3 + DPT-3""}},""age_weeks"":14,""_row_num"":34},{""choice_list_name"":""vaccinations"",""data_value"":""measles"",""display"":{""title"":{""text"":{""default"":""Measles"",""hi"":""खसरा""}}},""age_weeks"":36,""_row_num"":35},{""choice_list_name"":""vaccinations"",""data_value"":""vitamin_a"",""display"":{""title"":{""text"":{""default"":""Vitamin A"",""hi"":""विटामिन ए""}}},""age_weeks"":36,""_row_num"":36},{""choice_list_name"":""vaccinations"",""data_value"":""dpt"",""display"":{""title"":{""text"":""DPT Booster""}},""age_weeks"":64,""_row_num"":37},{""choice_list_name"":""vaccinations"",""data_value"":""opv"",""display"":{""title"":{""text"":""OPV Booster""}},""age_weeks"":64,""_row_num"":38},{""choice_list_name"":""vaccinations"",""data_value"":""dt"",""display"":{""title"":{""text"":{""default"":""DT"",""hi"":""डीटी""}}},""age_weeks"":240,""_row_num"":39}]"
Column,oedema,displayChoicesList,object,"[{""choice_list_name"":""present"",""data_value"":""present"",""display"":{""title"":{""text"":{""default"":""Present"",""hi"":""है""}}},""_row_num"":5},{""choice_list_name"":""present"",""data_value"":""not_present"",""display"":{""title"":{""text"":{""default"":""Not present"",""hi"":""नही है""}}},""_row_num"":6}]"
Column,other_foods_types,displayChoicesList,object,"[{""choice_list_name"":""food"",""data_value"":""milk"",""display"":{""title"":{""text"":{""default"":""Milk"",""hi"":""दूध""}}},""_row_num"":42},{""choice_list_name"":""food"",""data_value"":""juice"",""display"":{""title"":{""text"":{""default"":""Juice"",""hi"":""जूस""}}},""_row_num"":43},{""choice_list_name"":""food"",""data_value"":""water"",""display"":{""title"":{""text"":{""default"":""Water"",""hi"":""पानी""}}},""_row_num"":44},{""choice_list_name"":""food"",""data_value"":""formula"",""display"":{""title"":{""text"":{""default"":""Formula"",""hi"":""फ़ॉर्मूला""}}},""_row_num"":45},{""choice_list_name"":""food"",""data_value"":""cereal"",""display"":{""title"":{""text"":{""default"":""Cereal"",""hi"":""सेरल""}}},""_row_num"":46},{""choice_list_name"":""food"",""data_value"":""milk_based_wheat/rice"",""display"":{""title"":{""text"":{""default"":""Cooked wheat/rice based with undiluted milk and sugar"",""hi"":""पक्की हुई रोति / चावल शूध दूष और चीनी के साथ.""}}},""_row_num"":47},{""choice_list_name"":""food"",""data_value"":""water_based_wheat/rice"",""display"":{""title"":{""text"":{""default"":""Cooked wheat/rice based with dal/lentil water"",""hi"":""पक्की हुई रोति / चावल डाल और पानी के साथ.""}}},""_row_num"":48},{""choice_list_name"":""food"",""data_value"":""khichri"",""display"":{""title"":{""text"":{""default"":""Khichri (cooked rice+dal/lentil in thinned form)"",""hi"":""खिचरी (पक्के हुए चावल+दल पतले रूप मैं.)""}}},""_row_num"":49},{""choice_list_name"":""food"",""data_value"":""fruit"",""display"":{""title"":{""text"":{""default"":""Mashed fruit"",""hi"":""पीसा हुए फल""}}},""_row_num"":50},{""choice_list_name"":""food"",""data_value"":""vegetables"",""display"":{""title"":{""text"":{""default"":""Boiled or cooked vegetables"",""hi"":""उबली या पक्की हुई सब्ज़ियाँ.""}}},""_row_num"":51},{""choice_list_name"":""food"",""data_value"":""mixed_food"",""display"":{""title"":{""text"":{""default"":""Normal mixed food as adults"",""hi"":""बढ़ों जैसे सामान्य खाना.""}}},""_row_num"":52}]"
Column,other_problems,displayChoicesList,object,"[{""choice_list_name"":""yes_no"",""data_value"":""yes"",""display"":{""title"":{""text"":{""default"":""Yes"",""hi"":""हाँ""}}},""_row_num"":2},{""choice_list_name"":""yes_no"",""data_value"":""no"",""display"":{""title"":{""text"":{""default"":""No"",""hi"":""ना""}}},""_row_num"":3}]"
Column,rash_generalized,displayChoicesList,object,"[{""choice_list_name"":""present"",""data_value"":""present"",""display"":{""title"":{""text"":{""default"":""Present"",""hi"":""है""}}},""_row_num"":5},{""choice_list_name"":""present"",""data_value"":""not_present"",""display"":{""title"":{""text"":{""default"":""Not present"",""hi"":""नही है""}}},""_row_num"":6}]"
Column,red_eyes,displayChoicesList,object,"[{""choice_list_name"":""present"",""data_value"":""present"",""display"":{""title"":{""text"":{""default"":""Present"",""hi"":""है""}}},""_row_num"":5},{""choice_list_name"":""present"",""data_value"":""not_present"",""display"":{""title"":{""text"":{""default"":""Not present"",""hi"":""नही है""}}},""_row_num"":6}]"
Column,restless,displayChoicesList,object,"[{""choice_list_name"":""yes_no"",""data_value"":""yes"",""display"":{""title"":{""text"":{""default"":""Yes"",""hi"":""हाँ""}}},""_row_num"":2},{""choice_list_name"":""yes_no"",""data_value"":""no"",""display"":{""title"":{""text"":{""default"":""No"",""hi"":""ना""}}},""_row_num"":3}]"
Column,runny_nose,displayChoicesList,object,"[{""choice_list_name"":""present"",""data_value"":""present"",""display"":{""title"":{""text"":{""default"":""Present"",""hi"":""है""}}},""_row_num"":5},{""choice_list_name"":""present"",""data_value"":""not_present"",""display"":{""title"":{""text"":{""default"":""Not present"",""hi"":""नही है""}}},""_row_num"":6}]"
Column,separate_serving,displayChoicesList,object,"[{""choice_list_name"":""yes_no"",""data_value"":""yes"",""display"":{""title"":{""text"":{""default"":""Yes"",""hi"":""हाँ""}}},""_row_num"":2},{""choice_list_name"":""yes_no"",""data_value"":""no"",""display"":{""title"":{""text"":{""default"":""No"",""hi"":""ना""}}},""_row_num"":3}]"
Column,serving_unit,displayChoicesList,object,"[{""choice_list_name"":""katori_teaspoon"",""data_value"":""katori"",""display"":{""title"":{""text"":{""default"":""Katori"",""hi"":""कटोरी""}}},""_row_num"":74},{""choice_list_name"":""katori_teaspoon"",""data_value"":""teaspoon"",""display"":{""title"":{""text"":{""default"":""Teaspoon"",""hi"":""चम्मच""}}},""_row_num"":75}]"
Column,skin_elasticity,displayChoicesList,object,"[{""choice_list_name"":""skin_elasticity"",""data_value"":""very_slow"",""display"":{""title"":{""text"":{""default"":""Very slowly (longer than 2 seconds)?"",""hi"":""बहुत धीरे (२ सेकेंड से ज़्यादा)""}}},""_row_num"":15},{""choice_list_name"":""skin_elasticity"",""data_value"":""slow"",""display"":{""title"":{""text"":{""default"":""Slowly?"",""hi"":""धीरे?""}}},""_row_num"":16},{""choice_list_name"":""skin_elasticity"",""data_value"":""normal"",""display"":{""title"":{""text"":{""default"":""Skin goes back normally."",""hi"":""चिकोती भरना पर त्वचा का बहुत धीरे वापस जाना""}}},""_row_num"":17}]"
Column,stiff_neck,displayChoicesList,object,"[{""choice_list_name"":""present"",""data_value"":""present"",""display"":{""title"":{""text"":{""default"":""Present"",""hi"":""है""}}},""_row_num"":5},{""choice_list_name"":""present"",""data_value"":""not_present"",""display"":{""title"":{""text"":{""default"":""Not present"",""hi"":""नही है""}}},""_row_num"":6}]"
Column,stridor,displayChoicesList,object,"[{""choice_list_name"":""present"",""data_value"":""present"",""display"":{""title"":{""text"":{""default"":""Present"",""hi"":""है""}}},""_row_num"":5},{""choice_list_name"":""present"",""data_value"":""not_present"",""display"":{""title"":{""text"":{""default"":""Not present"",""hi"":""नही है""}}},""_row_num"":6}]"
Column,sunken_eyes,displayChoicesList,object,"[{""choice_list_name"":""yes_no"",""data_value"":""yes"",""display"":{""title"":{""text"":{""default"":""Yes"",""hi"":""हाँ""}}},""_row_num"":2},{""choice_list_name"":""yes_no"",""data_value"":""no"",""display"":{""title"":{""text"":{""default"":""No"",""hi"":""ना""}}},""_row_num"":3}]"
Column,takes_other_foods,displayChoicesList,object,"[{""choice_list_name"":""yes_no"",""data_value"":""yes"",""display"":{""title"":{""text"":{""default"":""Yes"",""hi"":""हाँ""}}},""_row_num"":2},{""choice_list_name"":""yes_no"",""data_value"":""no"",""display"":{""title"":{""text"":{""default"":""No"",""hi"":""ना""}}},""_row_num"":3}]"
Column,under_2_months,displayName,object,"{""text"":""Acknowledge that protocol does not support assessing a child under 2 months old.""}"
Column,visit_type,displayChoicesList,object,"[{""choice_list_name"":""visit_type"",""data_value"":""initial_visit"",""display"":{""title"":{""text"":{""default"":""Initial visit"",""hi"":""प्रथम भेट.""}}},""_row_num"":61},{""choice_list_name"":""visit_type"",""data_value"":""followup"",""display"":{""title"":{""text"":{""default"":""Follow-up"",""hi"":""पुन: भेट""}}},""_row_num"":62}]"
Column,vomit_everything,displayChoicesList,object,"[{""choice_list_name"":""yes_no"",""data_value"":""yes"",""display"":{""title"":{""text"":{""default"":""Yes"",""hi"":""हाँ""}}},""_row_num"":2},{""choice_list_name"":""yes_no"",""data_value"":""no"",""display"":{""title"":{""text"":{""default"":""No"",""hi"":""ना""}}},""_row_num"":3}]"
Column,wasting,displayChoicesList,object,"[{""choice_list_name"":""present"",""data_value"":""present"",""display"":{""title"":{""text"":{""default"":""Present"",""hi"":""है""}}},""_row_num"":5},{""choice_list_name"":""present"",""data_value"":""not_present"",""display"":{""title"":{""text"":{""default"":""Not present"",""hi"":""नही है""}}},""_row_num"":6}]"
Column,zinc_type,displayChoicesList,object,"[{""choice_list_name"":""tablet_syrup"",""data_value"":""tablet"",""display"":{""title"":{""text"":""Tablet""}},""_row_num"":89},{""choice_list_name"":""tablet_syrup"",""data_value"":""syrup"",""display"":{""title"":{""text"":""Syrup""}},""_row_num"":90}]"
FormType,default,FormType.formType,string,SURVEY
SurveyUtil,default,SurveyUtil.formId,string,imnci
Table,default,defaultViewType,string,SPREADSHEET
Table,default,displayName,object,"{""text"":{""default"":""IMNCI"",""hi"":""IMNCI""}}"
