{
  "name": "d3",
  "version": "3.3.9",
  "main": "d3.js",
  "scripts": [
    "d3.js"
  ],
  "ignore": [
    ".DS_Store",
    ".git",
    ".gitignore",
    ".npmignore",
    ".travis.yml",
    "Makefile",
    "bin",
    "component.json",
    "index-browserify.js",
    "index.js",
    "lib",
    "node_modules",
    "package.json",
    "src",
    "test"
  ],
  "homepage": "https://github.com/Moviri/d3",
  "_release": "3.3.9",
  "_resolution": {
    "type": "version",
    "tag": "v3.3.9",
    "commit": "166e247b0449bb1842e2e1d3bfd2591711a1d0fe"
  },
  "_source": "git://github.com/Moviri/d3.git",
  "_target": "*",
  "_originalSource": "d3-amd"
}