_id,_form_id,_locale,_savepoint_type,_savepoint_timestamp,_savepoint_creator,child_id,child_name,family_id,household_id,marriage_id,marriage_name,_default_access,_group_modify,_group_privileged,_group_read_only,_row_etag,_row_owner
uuid:873075e7-0950-43a3-bd1d-1c7ecc581249,families,en_NZ,COMPLETE,2020-11-02T21:52:34.713000000,anonymous,uuid:8fb7d5c0-f874-4bd6-881f-1c9d6284eb7d,Dana,Bob_M_Mary=Dana,Lv1_levuka_170.51337500000002--45.86608666666666,uuid:b29aa2cf-3675-4e48-96cc-18199983f248,Bob_M_Mary,FULL,,,,,anonymous
uuid:075729fc-a0d7-4cad-b294-d4b8427db15f,families,en_NZ,COMPLETE,2020-11-02T21:53:21.441000000,anonymous,uuid:da6ed0f1-863f-442f-8d89-accc2c97d585,Chloe,Bob_M_Mary=Chloe,Lv1_levuka_170.51337500000002--45.86608666666666,uuid:b29aa2cf-3675-4e48-96cc-18199983f248,Bob_M_Mary,FULL,,,,,anonymous
uuid:d287b7e4-3dac-4437-b1ee-2e5b785d0005,families,en_NZ,COMPLETE,2020-11-02T21:54:15.909000000,anonymous,uuid:3ee891ae-fa4d-404f-8dd8-1b042bb25cba,Douglas,Gran_W_Dom=Douglas,Lv1_levuka_170.51337500000002--45.86608666666666,uuid:882dea3d-f6de-489a-91ad-8a31d1d4376d,Gran_W_Dom,FULL,,,,,anonymous
uuid:1155f5a1-6e80-495a-be61-68d4386bfd82,families,en_NZ,COMPLETE,2020-11-02T21:54:37.697000000,anonymous,uuid:678f501a-da76-4bcf-88a7-cc951bfd0721,Dick,Dana_D_Tom=Dick,Lv1_levuka_170.51337500000002--45.86608666666666,uuid:022b2c6a-baa4-407f-aff0-c44378767cb9,Dana_D_Tom,FULL,,,,,anonymous
