_partition,_aspect,_key,_type,_value
Column,pests,displayChoicesList,object,"[{""choice_list_name"":""pest_type"",""data_value"":""earworm"",""display"":{""title"":{""image"":""media/earworm.jpg""}},""_row_num"":10},{""choice_list_name"":""pest_type"",""data_value"":""stink_bug"",""display"":{""title"":{""image"":""media/stink_bug.jpg""}},""_row_num"":11},{""choice_list_name"":""pest_type"",""data_value"":""cutworm"",""display"":{""title"":{""image"":""media/cutworm.jpg""}},""_row_num"":12},{""choice_list_name"":""pest_type"",""data_value"":""beetle"",""display"":{""title"":{""image"":""media/corn_flea_beetle.jpg""}},""_row_num"":13}]"
Column,plant_health,displayChoicesList,object,"[{""choice_list_name"":""plant_health_type"",""data_value"":""bad"",""display"":{""title"":{""image"":""media/dying_corn_leaves.jpg""}},""_row_num"":2},{""choice_list_name"":""plant_health_type"",""data_value"":""fair"",""display"":{""title"":{""image"":""media/fair_corn_leaves.jpeg""}},""_row_num"":3},{""choice_list_name"":""plant_health_type"",""data_value"":""good"",""display"":{""title"":{""image"":""media/healthy_corn_leaves.jpg""}},""_row_num"":4}]"
Column,plant_type,displayChoicesList,object,"[{""choice_list_name"":""maize"",""data_value"":""white"",""display"":{""title"":{""text"":""White""}},""_row_num"":15},{""choice_list_name"":""maize"",""data_value"":""yellow"",""display"":{""title"":{""text"":""Yellow""}},""_row_num"":16},{""choice_list_name"":""maize"",""data_value"":""orange"",""display"":{""title"":{""text"":""Orange""}},""_row_num"":17}]"
Column,soil,displayChoicesList,object,"[{""choice_list_name"":""soil_texture"",""data_value"":""fine_sand"",""display"":{""title"":{""text"":""Fine Sand""}},""_row_num"":6},{""choice_list_name"":""soil_texture"",""data_value"":""sandy_loam"",""display"":{""title"":{""text"":""Sandy Loam""}},""_row_num"":7},{""choice_list_name"":""soil_texture"",""data_value"":""loam"",""display"":{""title"":{""text"":""Loam""}},""_row_num"":8}]"
FormType,default,FormType.formType,string,SURVEY
SurveyUtil,default,SurveyUtil.formId,string,visit
Table,default,defaultViewType,string,LIST
Table,default,displayName,object,"{""text"":""Plot Visits""}"
Table,default,listViewFileName,configpath,config/tables/visit/html/visit_list.html
