_partition,_aspect,_key,_type,_value
Column,FOL_flag_begin_in_nest,displayChoicesList,object,"[{""choice_list_name"":""yes_no"",""data_value"":""yes"",""display"":{""title"":{""text"":""yes""}},""_row_num"":2},{""choice_list_name"":""yes_no"",""data_value"":""no"",""display"":{""title"":{""text"":""no""}},""_row_num"":3}]"
Column,FOL_flag_end_in_nest,displayChoicesList,object,"[{""choice_list_name"":""yes_no"",""data_value"":""yes"",""display"":{""title"":{""text"":""yes""}},""_row_num"":2},{""choice_list_name"":""yes_no"",""data_value"":""no"",""display"":{""title"":{""text"":""no""}},""_row_num"":3}]"
FormType,default,FormType.formType,string,SURVEY
SurveyUtil,default,SurveyUtil.formId,string,follow
Table,default,colOrder,array,"[""FOL_date"",""FOL_B_AnimID"",""FOL_CL_community_id"",""FOL_time_begin"",""FOL_time_end"",""FOL_flag_begin_in_nest"",""FOL_flag_end_in_nest"",""FOL_duration"",""FOL_distance_traveled"",""FOL_am_observer1"",""FOL_am_observer2"",""FOL_pm_observer1"",""FOL_pm_observer2"",""FOL_study_code1"",""FOL_study_code2"",""FOL_day"",""FOL_month"",""FOL_year""]"
Table,default,defaultViewType,string,LIST
Table,default,detailViewFileName,configpath,config/tables/follow/html/follow_detail.html
Table,default,displayName,object,"{""text"":""Follow""}"
Table,default,listViewFileName,configpath,config/tables/follow/html/follow_list.html
